a/a,DHMOS_AA,DEIGMA_DATE,DEIGMA_AA,PR_CARP_AGONOS,PR_CARP_GONIMOS,PRONYFH_A,PRONYFH_B,PRONYFH_G,NYFH,EXITS,PARASITISMOS,PROSVOLES,DHMOS_CODE,DHMOS_DESCR,DHMOS_ID,DAC_DEIGMA_ID,AYGA,METEO_ID,METEO_DESCR,ALTERN_METEO_ID,ALTERN_METEO_DESCR,NOMOS_DESCR
1,,27/08/14,1,13,1,0,0,0,0,1,3,17,84060800,Δ.Δ.Πανδρόσου,16920,38656,0,76,ΙΚΑΡΙΑ - ΡΑΧΕΣ,0,no alternative,ΣΑΜΟΥ
2,,27/08/11,1,20,10,0,,,0,10,,30,84040300,Δ.Δ.Δρακαίων,16845,29849,,217,ΣΑΜΟΣ (ΚΑΡΛΟΒΑΣΙ),76,ΙΚΑΡΙΑ - ΡΑΧΕΣ,ΣΑΜΟΥ
3,,27/09/11,2,30,20,0,,,0,20,,50,84040300,Δ.Δ.Δρακαίων,16845,29850,,217,ΣΑΜΟΣ (ΚΑΡΛΟΒΑΣΙ),76,ΙΚΑΡΙΑ - ΡΑΧΕΣ,ΣΑΜΟΥ
4,,13/11/11,3,40,0,0,,,0,0,,40,84040300,Δ.Δ.Δρακαίων,16845,29851,,217,ΣΑΜΟΣ (ΚΑΡΛΟΒΑΣΙ),76,ΙΚΑΡΙΑ - ΡΑΧΕΣ,ΣΑΜΟΥ
5,,23/08/11,4,30,10,0,,,0,10,,40,84050105,"Κάμπος,ο (Δ.Δ.Μαραθοκάμπου)",16875,29852,,217,ΣΑΜΟΣ (ΚΑΡΛΟΒΑΣΙ),76,ΙΚΑΡΙΑ - ΡΑΧΕΣ,ΣΑΜΟΥ
6,,27/09/11,5,20,10,0,,,0,10,,30,84050105,"Κάμπος,ο (Δ.Δ.Μαραθοκάμπου)",16875,29853,,217,ΣΑΜΟΣ (ΚΑΡΛΟΒΑΣΙ),76,ΙΚΑΡΙΑ - ΡΑΧΕΣ,ΣΑΜΟΥ
7,,14/11/11,6,20,0,0,,,0,0,,20,84050105,"Κάμπος,ο (Δ.Δ.Μαραθοκάμπου)",16875,29854,,217,ΣΑΜΟΣ (ΚΑΡΛΟΒΑΣΙ),76,ΙΚΑΡΙΑ - ΡΑΧΕΣ,ΣΑΜΟΥ
8,,22/08/11,7,30,10,0,,,0,10,,40,84040500,Δ.Δ.Κονταιίκων,16850,29855,,217,ΣΑΜΟΣ (ΚΑΡΛΟΒΑΣΙ),76,ΙΚΑΡΙΑ - ΡΑΧΕΣ,ΣΑΜΟΥ
9,,26/09/11,8,20,10,0,,,0,10,,30,84040500,Δ.Δ.Κονταιίκων,16850,29856,,217,ΣΑΜΟΣ (ΚΑΡΛΟΒΑΣΙ),76,ΙΚΑΡΙΑ - ΡΑΧΕΣ,ΣΑΜΟΥ
10,,09/11/11,9,20,40,0,,,0,40,,60,84040500,Δ.Δ.Κονταιίκων,16850,29857,,217,ΣΑΜΟΣ (ΚΑΡΛΟΒΑΣΙ),76,ΙΚΑΡΙΑ - ΡΑΧΕΣ,ΣΑΜΟΥ
11,,26/07/11,1,15,0,,,,,,,15,64020100,Δ.Δ.Γαλατίστης,14112,30074,,202,ΠΟΛΥΓΥΡΟΣ,0,no alternative,ΧΑΛΚΙΔΙΚΗΣ
12,,26/07/11,2,12,3,3,,,,,,15,64020100,Δ.Δ.Γαλατίστης,14112,30075,,202,ΠΟΛΥΓΥΡΟΣ,0,no alternative,ΧΑΛΚΙΔΙΚΗΣ
13,,26/08/11,3,21,7,2,1,,1,3,,28,64020100,Δ.Δ.Γαλατίστης,14112,30076,,202,ΠΟΛΥΓΥΡΟΣ,0,no alternative,ΧΑΛΚΙΔΙΚΗΣ
14,,26/08/11,4,29,7,3,3,1,,,,36,64020100,Δ.Δ.Γαλατίστης,14112,30077,,202,ΠΟΛΥΓΥΡΟΣ,0,no alternative,ΧΑΛΚΙΔΙΚΗΣ
15,,26/09/11,5,24,22,3,3,2,4,10,,46,64020100,Δ.Δ.Γαλατίστης,14112,30078,,202,ΠΟΛΥΓΥΡΟΣ,0,no alternative,ΧΑΛΚΙΔΙΚΗΣ
16,,26/09/11,6,33,24,5,3,2,,14,,57,64020100,Δ.Δ.Γαλατίστης,14112,30079,,202,ΠΟΛΥΓΥΡΟΣ,0,no alternative,ΧΑΛΚΙΔΙΚΗΣ
17,,26/10/11,7,38,60,2,,,2,56,,98,64020100,Δ.Δ.Γαλατίστης,14112,30080,,202,ΠΟΛΥΓΥΡΟΣ,0,no alternative,ΧΑΛΚΙΔΙΚΗΣ
18,,26/10/11,8,57,76,2,,,,74,,133,64020100,Δ.Δ.Γαλατίστης,14112,30081,,202,ΠΟΛΥΓΥΡΟΣ,0,no alternative,ΧΑΛΚΙΔΙΚΗΣ
19,,26/07/11,1,10,1,1,,,,,,11,64100100,Δ.Δ.Μεγάλης Παναγίας,14254,30082,,202,ΠΟΛΥΓΥΡΟΣ,0,no alternative,ΧΑΛΚΙΔΙΚΗΣ
20,,26/07/11,2,12,0,,,,,,,12,64100100,Δ.Δ.Μεγάλης Παναγίας,14254,30083,,202,ΠΟΛΥΓΥΡΟΣ,0,no alternative,ΧΑΛΚΙΔΙΚΗΣ
21,,26/08/11,3,32,32,,,,8,24,,64,64100100,Δ.Δ.Μεγάλης Παναγίας,14254,30084,,202,ΠΟΛΥΓΥΡΟΣ,0,no alternative,ΧΑΛΚΙΔΙΚΗΣ
22,,26/08/11,4,23,4,3,1,,,,,27,64100100,Δ.Δ.Μεγάλης Παναγίας,14254,30085,,202,ΠΟΛΥΓΥΡΟΣ,0,no alternative,ΧΑΛΚΙΔΙΚΗΣ
23,,26/09/11,5,49,80,10,5,4,21,40,,129,64100100,Δ.Δ.Μεγάλης Παναγίας,14254,30086,,202,ΠΟΛΥΓΥΡΟΣ,0,no alternative,ΧΑΛΚΙΔΙΚΗΣ
24,,26/09/11,6,40,36,8,4,4,4,16,,76,64100100,Δ.Δ.Μεγάλης Παναγίας,14254,30087,,202,ΠΟΛΥΓΥΡΟΣ,0,no alternative,ΧΑΛΚΙΔΙΚΗΣ
25,,26/10/11,7,92,169,8,6,5,23,127,,261,64100100,Δ.Δ.Μεγάλης Παναγίας,14254,30088,,202,ΠΟΛΥΓΥΡΟΣ,0,no alternative,ΧΑΛΚΙΔΙΚΗΣ
26,,26/10/11,8,57,153,4,8,2,14,125,,210,64100100,Δ.Δ.Μεγάλης Παναγίας,14254,30089,,202,ΠΟΛΥΓΥΡΟΣ,0,no alternative,ΧΑΛΚΙΔΙΚΗΣ
27,,31/08/11,1,30,7,0,,,2,5,,37,84010800,Δ.Δ.Παλαιοκάστρου,16763,29804,,217,ΣΑΜΟΣ (ΚΑΡΛΟΒΑΣΙ),0,no alternative,ΣΑΜΟΥ
28,,31/08/11,2,25,17,5,,,10,2,,42,84061100,Δ.Δ.Χώρας,16935,29805,,217,ΣΑΜΟΣ (ΚΑΡΛΟΒΑΣΙ),0,no alternative,ΣΑΜΟΥ
29,,31/08/11,3,20,10,0,,,10,0,,30,84040800,Δ.Δ.Λέκας,16862,29806,,217,ΣΑΜΟΣ (ΚΑΡΛΟΒΑΣΙ),76,ΙΚΑΡΙΑ - ΡΑΧΕΣ,ΣΑΜΟΥ
30,,31/08/11,4,50,20,0,,,10,10,,70,84040700,Δ.Δ.Κοσμαδαίων,16859,29807,,217,ΣΑΜΟΣ (ΚΑΡΛΟΒΑΣΙ),76,ΙΚΑΡΙΑ - ΡΑΧΕΣ,ΣΑΜΟΥ
31,,31/08/11,5,20,0,0,,,0,0,,20,84050302,"Βελανιδιά,η (Δ.Δ.Κουμαιίκων)",16884,29808,,217,ΣΑΜΟΣ (ΚΑΡΛΟΒΑΣΙ),76,ΙΚΑΡΙΑ - ΡΑΧΕΣ,ΣΑΜΟΥ
32,,31/08/11,6,40,10,0,,,10,0,,50,84060600,Δ.Δ.Μυτιληνιών,16910,29809,,217,ΣΑΜΟΣ (ΚΑΡΛΟΒΑΣΙ),76,ΙΚΑΡΙΑ - ΡΑΧΕΣ,ΣΑΜΟΥ
33,,31/08/11,7,30,17,0,,,12,5,,47,84060500,Δ.Δ.Μύλων,16908,29810,,217,ΣΑΜΟΣ (ΚΑΡΛΟΒΑΣΙ),76,ΙΚΑΡΙΑ - ΡΑΧΕΣ,ΣΑΜΟΥ
34,,31/08/11,8,20,20,0,,,10,10,,40,84040400,Δ.Δ.Καστανέας,16848,29811,,217,ΣΑΜΟΣ (ΚΑΡΛΟΒΑΣΙ),76,ΙΚΑΡΙΑ - ΡΑΧΕΣ,ΣΑΜΟΥ
35,,31/08/11,9,50,13,0,,,8,5,,63,84010200,Δ.Δ.Αγίου Κωνσταντίνου,16726,29812,,217,ΣΑΜΟΣ (ΚΑΡΛΟΒΑΣΙ),76,ΙΚΑΡΙΑ - ΡΑΧΕΣ,ΣΑΜΟΥ
36,,30/09/11,10,50,40,0,,,10,30,,90,84010800,Δ.Δ.Παλαιοκάστρου,16763,29813,,217,ΣΑΜΟΣ (ΚΑΡΛΟΒΑΣΙ),0,no alternative,ΣΑΜΟΥ
37,,30/09/11,11,50,60,0,,,30,30,,110,84060600,Δ.Δ.Μυτιληνιών,16910,29814,,217,ΣΑΜΟΣ (ΚΑΡΛΟΒΑΣΙ),76,ΙΚΑΡΙΑ - ΡΑΧΕΣ,ΣΑΜΟΥ
38,,30/09/11,12,20,40,0,,,0,40,,60,84010200,Δ.Δ.Αγίου Κωνσταντίνου,16726,29815,,217,ΣΑΜΟΣ (ΚΑΡΛΟΒΑΣΙ),76,ΙΚΑΡΙΑ - ΡΑΧΕΣ,ΣΑΜΟΥ
39,,30/09/11,13,40,5,5,,,0,0,,45,84061100,Δ.Δ.Χώρας,16935,29816,,217,ΣΑΜΟΣ (ΚΑΡΛΟΒΑΣΙ),0,no alternative,ΣΑΜΟΥ
40,,30/09/11,14,30,5,0,,,5,0,,35,84060500,Δ.Δ.Μύλων,16908,29817,,217,ΣΑΜΟΣ (ΚΑΡΛΟΒΑΣΙ),76,ΙΚΑΡΙΑ - ΡΑΧΕΣ,ΣΑΜΟΥ
41,,30/09/11,15,10,70,0,,,5,65,,80,84040800,Δ.Δ.Λέκας,16862,29818,,217,ΣΑΜΟΣ (ΚΑΡΛΟΒΑΣΙ),76,ΙΚΑΡΙΑ - ΡΑΧΕΣ,ΣΑΜΟΥ
42,,30/09/11,16,0,20,0,,,0,20,,20,84040700,Δ.Δ.Κοσμαδαίων,16859,29819,,217,ΣΑΜΟΣ (ΚΑΡΛΟΒΑΣΙ),76,ΙΚΑΡΙΑ - ΡΑΧΕΣ,ΣΑΜΟΥ
43,,30/09/11,17,10,20,0,,,0,20,,30,84040400,Δ.Δ.Καστανέας,16848,29820,,217,ΣΑΜΟΣ (ΚΑΡΛΟΒΑΣΙ),76,ΙΚΑΡΙΑ - ΡΑΧΕΣ,ΣΑΜΟΥ
44,,30/09/11,18,0,60,0,,,10,50,,60,84050302,"Βελανιδιά,η (Δ.Δ.Κουμαιίκων)",16884,29821,,217,ΣΑΜΟΣ (ΚΑΡΛΟΒΑΣΙ),76,ΙΚΑΡΙΑ - ΡΑΧΕΣ,ΣΑΜΟΥ
45,,31/10/11,19,50,100,0,,,30,70,,150,84010800,Δ.Δ.Παλαιοκάστρου,16763,29822,,217,ΣΑΜΟΣ (ΚΑΡΛΟΒΑΣΙ),0,no alternative,ΣΑΜΟΥ
46,,31/10/11,20,40,50,0,,,0,50,,90,84060600,Δ.Δ.Μυτιληνιών,16910,29823,,217,ΣΑΜΟΣ (ΚΑΡΛΟΒΑΣΙ),76,ΙΚΑΡΙΑ - ΡΑΧΕΣ,ΣΑΜΟΥ
47,,31/10/11,21,20,70,0,,,0,70,,90,84010200,Δ.Δ.Αγίου Κωνσταντίνου,16726,29824,,217,ΣΑΜΟΣ (ΚΑΡΛΟΒΑΣΙ),76,ΙΚΑΡΙΑ - ΡΑΧΕΣ,ΣΑΜΟΥ
48,,31/10/11,22,30,30,0,,,10,20,,60,84061100,Δ.Δ.Χώρας,16935,29825,,217,ΣΑΜΟΣ (ΚΑΡΛΟΒΑΣΙ),0,no alternative,ΣΑΜΟΥ
49,,31/10/11,23,10,50,0,,,10,40,,60,84060500,Δ.Δ.Μύλων,16908,29826,,217,ΣΑΜΟΣ (ΚΑΡΛΟΒΑΣΙ),76,ΙΚΑΡΙΑ - ΡΑΧΕΣ,ΣΑΜΟΥ
50,,31/10/11,24,15,50,0,,,0,50,,65,84040800,Δ.Δ.Λέκας,16862,29827,,217,ΣΑΜΟΣ (ΚΑΡΛΟΒΑΣΙ),76,ΙΚΑΡΙΑ - ΡΑΧΕΣ,ΣΑΜΟΥ
51,,31/10/11,25,15,35,0,,,0,35,,50,84040700,Δ.Δ.Κοσμαδαίων,16859,29828,,217,ΣΑΜΟΣ (ΚΑΡΛΟΒΑΣΙ),76,ΙΚΑΡΙΑ - ΡΑΧΕΣ,ΣΑΜΟΥ
52,,31/10/11,26,10,30,0,,,0,30,,40,84040400,Δ.Δ.Καστανέας,16848,29829,,217,ΣΑΜΟΣ (ΚΑΡΛΟΒΑΣΙ),76,ΙΚΑΡΙΑ - ΡΑΧΕΣ,ΣΑΜΟΥ
53,,31/10/11,27,15,40,0,,,0,40,,55,84050302,"Βελανιδιά,η (Δ.Δ.Κουμαιίκων)",16884,29830,,217,ΣΑΜΟΣ (ΚΑΡΛΟΒΑΣΙ),76,ΙΚΑΡΙΑ - ΡΑΧΕΣ,ΣΑΜΟΥ
54,,25/08/11,1,110,130,0,,,0,130,,240,84070100,Δ.Δ.Ραχών,16939,29831,,76,ΙΚΑΡΙΑ - ΡΑΧΕΣ,217,ΣΑΜΟΣ (ΚΑΡΛΟΒΑΣΙ),ΣΑΜΟΥ
55,,26/09/11,2,90,220,50,,,20,150,,310,84070100,Δ.Δ.Ραχών,16939,29832,,76,ΙΚΑΡΙΑ - ΡΑΧΕΣ,217,ΣΑΜΟΣ (ΚΑΡΛΟΒΑΣΙ),ΣΑΜΟΥ
56,,28/10/11,3,100,130,50,,,20,60,,230,84070100,Δ.Δ.Ραχών,16939,29833,,76,ΙΚΑΡΙΑ - ΡΑΧΕΣ,217,ΣΑΜΟΣ (ΚΑΡΛΟΒΑΣΙ),ΣΑΜΟΥ
57,,26/08/11,4,30,180,0,,,0,180,,210,84030500,Δ.Δ.Μαγγανίτου,16824,29834,,76,ΙΚΑΡΙΑ - ΡΑΧΕΣ,217,ΣΑΜΟΣ (ΚΑΡΛΟΒΑΣΙ),ΣΑΜΟΥ
58,,27/09/11,5,80,120,20,,,0,100,,200,84030500,Δ.Δ.Μαγγανίτου,16824,29835,,76,ΙΚΑΡΙΑ - ΡΑΧΕΣ,217,ΣΑΜΟΣ (ΚΑΡΛΟΒΑΣΙ),ΣΑΜΟΥ
59,,31/10/11,6,70,190,60,,,30,100,,260,84030500,Δ.Δ.Μαγγανίτου,16824,29836,,76,ΙΚΑΡΙΑ - ΡΑΧΕΣ,217,ΣΑΜΟΣ (ΚΑΡΛΟΒΑΣΙ),ΣΑΜΟΥ
60,,25/08/11,7,90,110,0,,,0,110,,200,84030400,Δ.Δ.Καραβοστάμου,16822,29837,,76,ΙΚΑΡΙΑ - ΡΑΧΕΣ,217,ΣΑΜΟΣ (ΚΑΡΛΟΒΑΣΙ),ΣΑΜΟΥ
61,,26/09/11,8,180,140,30,,,20,90,,320,84030400,Δ.Δ.Καραβοστάμου,16822,29838,,76,ΙΚΑΡΙΑ - ΡΑΧΕΣ,217,ΣΑΜΟΣ (ΚΑΡΛΟΒΑΣΙ),ΣΑΜΟΥ
62,,27/10/11,9,80,210,50,,,20,140,,290,84030400,Δ.Δ.Καραβοστάμου,16822,29839,,76,ΙΚΑΡΙΑ - ΡΑΧΕΣ,217,ΣΑΜΟΣ (ΚΑΡΛΟΒΑΣΙ),ΣΑΜΟΥ
63,,25/08/11,10,30,40,0,,,0,40,,70,84070302,"Αμάλον,το",16964,29840,,76,ΙΚΑΡΙΑ - ΡΑΧΕΣ,217,ΣΑΜΟΣ (ΚΑΡΛΟΒΑΣΙ),ΣΑΜΟΥ
64,,26/09/11,11,80,180,50,,,20,110,,260,84070302,"Αμάλον,το",16964,29841,,76,ΙΚΑΡΙΑ - ΡΑΧΕΣ,217,ΣΑΜΟΣ (ΚΑΡΛΟΒΑΣΙ),ΣΑΜΟΥ
65,,27/10/11,12,80,160,50,,,20,90,,240,84070302,"Αμάλον,το",16964,29842,,76,ΙΚΑΡΙΑ - ΡΑΧΕΣ,217,ΣΑΜΟΣ (ΚΑΡΛΟΒΑΣΙ),ΣΑΜΟΥ
66,,26/08/11,13,110,160,0,,,0,160,,270,84020300,Δ.Δ.Χρυσοστόμου,16794,29843,,76,ΙΚΑΡΙΑ - ΡΑΧΕΣ,217,ΣΑΜΟΣ (ΚΑΡΛΟΒΑΣΙ),ΣΑΜΟΥ
67,,27/09/11,14,100,220,50,,,30,140,,320,84020300,Δ.Δ.Χρυσοστόμου,16794,29844,,76,ΙΚΑΡΙΑ - ΡΑΧΕΣ,217,ΣΑΜΟΣ (ΚΑΡΛΟΒΑΣΙ),ΣΑΜΟΥ
68,,28/10/11,15,80,230,60,,,30,140,,310,84020300,Δ.Δ.Χρυσοστόμου,16794,29845,,76,ΙΚΑΡΙΑ - ΡΑΧΕΣ,217,ΣΑΜΟΣ (ΚΑΡΛΟΒΑΣΙ),ΣΑΜΟΥ
69,,26/08/11,16,50,70,0,,,0,70,,120,84020100,Δ.Δ.Αγίου Κηρύκου,16773,29846,,76,ΙΚΑΡΙΑ - ΡΑΧΕΣ,217,ΣΑΜΟΣ (ΚΑΡΛΟΒΑΣΙ),ΣΑΜΟΥ
70,,27/09/11,17,120,200,40,,,20,140,,320,84020100,Δ.Δ.Αγίου Κηρύκου,16773,29847,,76,ΙΚΑΡΙΑ - ΡΑΧΕΣ,217,ΣΑΜΟΣ (ΚΑΡΛΟΒΑΣΙ),ΣΑΜΟΥ
71,,28/10/11,18,50,160,50,,,10,100,,210,84020100,Δ.Δ.Αγίου Κηρύκου,16773,29848,,76,ΙΚΑΡΙΑ - ΡΑΧΕΣ,217,ΣΑΜΟΣ (ΚΑΡΛΟΒΑΣΙ),ΣΑΜΟΥ
72,,27/08/11,10,0,20,0,,,0,20,,20,84050200,Δ.Δ.Καλλιθέας,16880,29858,,217,ΣΑΜΟΣ (ΚΑΡΛΟΒΑΣΙ),76,ΙΚΑΡΙΑ - ΡΑΧΕΣ,ΣΑΜΟΥ
73,,27/09/11,11,20,20,0,,,0,20,,40,84050200,Δ.Δ.Καλλιθέας,16880,29859,,217,ΣΑΜΟΣ (ΚΑΡΛΟΒΑΣΙ),76,ΙΚΑΡΙΑ - ΡΑΧΕΣ,ΣΑΜΟΥ
74,,13/11/11,12,20,0,0,,,0,0,,20,84050200,Δ.Δ.Καλλιθέας,16880,29860,,217,ΣΑΜΟΣ (ΚΑΡΛΟΒΑΣΙ),76,ΙΚΑΡΙΑ - ΡΑΧΕΣ,ΣΑΜΟΥ
75,,25/08/11,13,20,0,0,,,0,0,,20,84060300,Δ.Δ.Μαυρατζαίων,16902,29861,,217,ΣΑΜΟΣ (ΚΑΡΛΟΒΑΣΙ),0,no alternative,ΣΑΜΟΥ
76,,27/09/11,14,20,0,0,,,0,0,,20,84060300,Δ.Δ.Μαυρατζαίων,16902,29862,,217,ΣΑΜΟΣ (ΚΑΡΛΟΒΑΣΙ),0,no alternative,ΣΑΜΟΥ
77,,10/11/11,15,20,10,0,,,0,10,,30,84060300,Δ.Δ.Μαυρατζαίων,16902,29863,,217,ΣΑΜΟΣ (ΚΑΡΛΟΒΑΣΙ),0,no alternative,ΣΑΜΟΥ
78,,22/08/11,16,30,20,0,,,0,20,,50,84040900,Δ.Δ.Πλατάνου,16865,29864,,217,ΣΑΜΟΣ (ΚΑΡΛΟΒΑΣΙ),0,no alternative,ΣΑΜΟΥ
79,,27/09/11,17,20,10,0,,,0,10,,30,84040900,Δ.Δ.Πλατάνου,16865,29865,,217,ΣΑΜΟΣ (ΚΑΡΛΟΒΑΣΙ),0,no alternative,ΣΑΜΟΥ
80,,09/11/11,18,40,40,0,,,0,40,,80,84040900,Δ.Δ.Πλατάνου,16865,29866,,217,ΣΑΜΟΣ (ΚΑΡΛΟΒΑΣΙ),0,no alternative,ΣΑΜΟΥ
81,,24/08/11,19,30,10,0,,,0,10,,40,84060900,Δ.Δ.Πύργου,16922,29867,,217,ΣΑΜΟΣ (ΚΑΡΛΟΒΑΣΙ),0,no alternative,ΣΑΜΟΥ
82,,27/09/11,20,30,10,0,,,0,10,,40,84060900,Δ.Δ.Πύργου,16922,29868,,217,ΣΑΜΟΣ (ΚΑΡΛΟΒΑΣΙ),0,no alternative,ΣΑΜΟΥ
83,,01/11/11,21,30,10,0,,,0,10,,40,84060900,Δ.Δ.Πύργου,16922,29869,,217,ΣΑΜΟΣ (ΚΑΡΛΟΒΑΣΙ),0,no alternative,ΣΑΜΟΥ
84,,22/08/11,22,30,20,0,,,0,20,,50,84041000,Δ.Δ.Υδρούσσης,16867,29870,,217,ΣΑΜΟΣ (ΚΑΡΛΟΒΑΣΙ),76,ΙΚΑΡΙΑ - ΡΑΧΕΣ,ΣΑΜΟΥ
85,,26/09/11,23,30,30,0,,,0,30,,60,84041000,Δ.Δ.Υδρούσσης,16867,29871,,217,ΣΑΜΟΣ (ΚΑΡΛΟΒΑΣΙ),76,ΙΚΑΡΙΑ - ΡΑΧΕΣ,ΣΑΜΟΥ
86,,09/11/11,24,20,30,0,,,0,30,,50,84041000,Δ.Δ.Υδρούσσης,16867,29872,,217,ΣΑΜΟΣ (ΚΑΡΛΟΒΑΣΙ),76,ΙΚΑΡΙΑ - ΡΑΧΕΣ,ΣΑΜΟΥ
87,,22/08/11,25,110,30,0,,,0,30,,140,84040100,Δ.Δ.Καρλοβασίων,16837,29873,,217,ΣΑΜΟΣ (ΚΑΡΛΟΒΑΣΙ),76,ΙΚΑΡΙΑ - ΡΑΧΕΣ,ΣΑΜΟΥ
88,,26/09/11,26,40,20,0,,,0,20,,60,84040100,Δ.Δ.Καρλοβασίων,16837,29874,,217,ΣΑΜΟΣ (ΚΑΡΛΟΒΑΣΙ),76,ΙΚΑΡΙΑ - ΡΑΧΕΣ,ΣΑΜΟΥ
89,,09/11/11,27,20,20,0,,,0,20,,40,84040100,Δ.Δ.Καρλοβασίων,16837,29875,,217,ΣΑΜΟΣ (ΚΑΡΛΟΒΑΣΙ),76,ΙΚΑΡΙΑ - ΡΑΧΕΣ,ΣΑΜΟΥ
90,,22/08/11,28,70,40,0,,,0,40,,110,84040600,Δ.Δ.Κοντακαιίκων,16852,29876,,217,ΣΑΜΟΣ (ΚΑΡΛΟΒΑΣΙ),76,ΙΚΑΡΙΑ - ΡΑΧΕΣ,ΣΑΜΟΥ
91,,26/09/11,29,50,30,10,,,0,20,,80,84040600,Δ.Δ.Κοντακαιίκων,16852,29877,,217,ΣΑΜΟΣ (ΚΑΡΛΟΒΑΣΙ),76,ΙΚΑΡΙΑ - ΡΑΧΕΣ,ΣΑΜΟΥ
92,,09/11/11,30,40,20,10,,,0,10,,60,84040600,Δ.Δ.Κοντακαιίκων,16852,29878,,217,ΣΑΜΟΣ (ΚΑΡΛΟΒΑΣΙ),76,ΙΚΑΡΙΑ - ΡΑΧΕΣ,ΣΑΜΟΥ
93,,30/07/14,1,10,0,,,,,,,10,64020100,Δ.Δ.Γαλατίστης,14112,36750,,202,ΠΟΛΥΓΥΡΟΣ,0,no alternative,ΧΑΛΚΙΔΙΚΗΣ
94,,30/08/14,2,19,10,,10,,,,,29,64020100,Δ.Δ.Γαλατίστης,14112,36751,,202,ΠΟΛΥΓΥΡΟΣ,0,no alternative,ΧΑΛΚΙΔΙΚΗΣ
95,,30/07/14,1,10,10,10,,,,,,20,64100100,Δ.Δ.Μεγάλης Παναγίας,14254,36752,,202,ΠΟΛΥΓΥΡΟΣ,0,no alternative,ΧΑΛΚΙΔΙΚΗΣ
96,,30/08/14,2,19,10,,,,,10,,29,64100100,Δ.Δ.Μεγάλης Παναγίας,14254,36753,,202,ΠΟΛΥΓΥΡΟΣ,0,no alternative,ΧΑΛΚΙΔΙΚΗΣ
97,,30/07/14,1,10,10,10,,,,,,20,64100300,Δ.Δ.Πυργαδικίων,14260,36754,,141,ΜΑΡΜΑΡΑΣ,235,ΣΤΡΑΤΩΝΙ,ΧΑΛΚΙΔΙΚΗΣ
98,,30/08/14,2,10,30,10,10,,,10,,40,64100300,Δ.Δ.Πυργαδικίων,14260,36755,,141,ΜΑΡΜΑΡΑΣ,235,ΣΤΡΑΤΩΝΙ,ΧΑΛΚΙΔΙΚΗΣ
99,,30/07/14,1,10,10,,10,,,,,20,64100200,Δ.Δ.Γοματίου,14256,36756,,202,ΠΟΛΥΓΥΡΟΣ,235,ΣΤΡΑΤΩΝΙ,ΧΑΛΚΙΔΙΚΗΣ
100,,30/08/14,2,19,20,,,10,,10,,39,64100200,Δ.Δ.Γοματίου,14256,36757,,202,ΠΟΛΥΓΥΡΟΣ,235,ΣΤΡΑΤΩΝΙ,ΧΑΛΚΙΔΙΚΗΣ
101,,30/07/14,1,10,20,,10,,10,,,30,64120100,Δ.Δ.Ιερισσού,14298,36758,,235,ΣΤΡΑΤΩΝΙ,0,no alternative,ΧΑΛΚΙΔΙΚΗΣ
102,,30/08/14,2,48,39,10,,10,,19,,87,64120100,Δ.Δ.Ιερισσού,14298,36759,,235,ΣΤΡΑΤΩΝΙ,0,no alternative,ΧΑΛΚΙΔΙΚΗΣ
103,,30/07/14,1,38,20,10,,,,10,,58,64120300,Δ.Δ.Νέων Ρόδων,14309,36760,,235,ΣΤΡΑΤΩΝΙ,0,no alternative,ΧΑΛΚΙΔΙΚΗΣ
104,,30/08/14,2,48,39,10,10,,,19,,87,64120300,Δ.Δ.Νέων Ρόδων,14309,36761,,235,ΣΤΡΑΤΩΝΙ,0,no alternative,ΧΑΛΚΙΔΙΚΗΣ
105,,28/08/14,1,35,111,10,5,2,6,88,111,257,84040300,Δ.Δ.Δρακαίων,16845,45445,,217,ΣΑΜΟΣ (ΚΑΡΛΟΒΑΣΙ),76,ΙΚΑΡΙΑ - ΡΑΧΕΣ,ΣΑΜΟΥ
106,,29/09/14,2,86,30,3,4,0,0,23,14,130,84040300,Δ.Δ.Δρακαίων,16845,45446,,217,ΣΑΜΟΣ (ΚΑΡΛΟΒΑΣΙ),76,ΙΚΑΡΙΑ - ΡΑΧΕΣ,ΣΑΜΟΥ
107,,29/10/14,3,78,24,0,0,0,8,16,86,188,84040300,Δ.Δ.Δρακαίων,16845,45447,,217,ΣΑΜΟΣ (ΚΑΡΛΟΒΑΣΙ),76,ΙΚΑΡΙΑ - ΡΑΧΕΣ,ΣΑΜΟΥ
108,,28/08/14,3,51,30,0,3,2,10,15,20,101,84050200,Δ.Δ.Καλλιθέας,16880,45448,,217,ΣΑΜΟΣ (ΚΑΡΛΟΒΑΣΙ),76,ΙΚΑΡΙΑ - ΡΑΧΕΣ,ΣΑΜΟΥ
109,,29/08/14,2,89,17,1,0,0,4,12,108,214,84050200,Δ.Δ.Καλλιθέας,16880,45449,,217,ΣΑΜΟΣ (ΚΑΡΛΟΒΑΣΙ),76,ΙΚΑΡΙΑ - ΡΑΧΕΣ,ΣΑΜΟΥ
110,,28/08/14,1,139,13,0,1,1,0,11,112,264,84050200,Δ.Δ.Καλλιθέας,16880,45450,,217,ΣΑΜΟΣ (ΚΑΡΛΟΒΑΣΙ),76,ΙΚΑΡΙΑ - ΡΑΧΕΣ,ΣΑΜΟΥ
111,,27/08/14,1,134,31,1,2,1,2,25,188,353,84050100,Δ.Δ.Μαραθοκάμπου,16870,45451,,217,ΣΑΜΟΣ (ΚΑΡΛΟΒΑΣΙ),76,ΙΚΑΡΙΑ - ΡΑΧΕΣ,ΣΑΜΟΥ
112,,30/09/14,2,103,45,2,3,1,4,35,156,304,84050100,Δ.Δ.Μαραθοκάμπου,16870,45452,,217,ΣΑΜΟΣ (ΚΑΡΛΟΒΑΣΙ),76,ΙΚΑΡΙΑ - ΡΑΧΕΣ,ΣΑΜΟΥ
113,,27/10/14,3,107,39,2,0,4,6,27,135,281,84050100,Δ.Δ.Μαραθοκάμπου,16870,45453,,217,ΣΑΜΟΣ (ΚΑΡΛΟΒΑΣΙ),76,ΙΚΑΡΙΑ - ΡΑΧΕΣ,ΣΑΜΟΥ
114,,26/08/14,1,102,25,4,1,1,2,17,127,254,84041000,Δ.Δ.Υδρούσσης,16867,45454,,217,ΣΑΜΟΣ (ΚΑΡΛΟΒΑΣΙ),76,ΙΚΑΡΙΑ - ΡΑΧΕΣ,ΣΑΜΟΥ
115,,27/09/14,2,62,36,0,0,0,0,36,27,125,84041000,Δ.Δ.Υδρούσσης,16867,45455,,217,ΣΑΜΟΣ (ΚΑΡΛΟΒΑΣΙ),76,ΙΚΑΡΙΑ - ΡΑΧΕΣ,ΣΑΜΟΥ
116,,30/10/14,3,25,55,0,0,2,2,51,43,123,84041000,Δ.Δ.Υδρούσσης,16867,45456,,217,ΣΑΜΟΣ (ΚΑΡΛΟΒΑΣΙ),76,ΙΚΑΡΙΑ - ΡΑΧΕΣ,ΣΑΜΟΥ
117,,26/08/14,1,44,21,4,3,1,2,11,155,220,84040600,Δ.Δ.Κοντακαιίκων,16852,45465,,217,ΣΑΜΟΣ (ΚΑΡΛΟΒΑΣΙ),76,ΙΚΑΡΙΑ - ΡΑΧΕΣ,ΣΑΜΟΥ
118,,29/09/14,2,53,60,0,0,0,0,60,33,146,84040600,Δ.Δ.Κοντακαιίκων,16852,45466,,217,ΣΑΜΟΣ (ΚΑΡΛΟΒΑΣΙ),76,ΙΚΑΡΙΑ - ΡΑΧΕΣ,ΣΑΜΟΥ
119,,30/10/14,3,41,26,0,0,2,0,24,24,91,84040600,Δ.Δ.Κοντακαιίκων,16852,45467,,217,ΣΑΜΟΣ (ΚΑΡΛΟΒΑΣΙ),76,ΙΚΑΡΙΑ - ΡΑΧΕΣ,ΣΑΜΟΥ
120,,26/08/14,1,42,13,0,0,0,1,12,62,117,84040100,Δ.Δ.Καρλοβασίων,16837,45468,,217,ΣΑΜΟΣ (ΚΑΡΛΟΒΑΣΙ),76,ΙΚΑΡΙΑ - ΡΑΧΕΣ,ΣΑΜΟΥ
121,,26/09/14,2,69,40,3,2,9,13,13,106,215,84040100,Δ.Δ.Καρλοβασίων,16837,45501,,217,ΣΑΜΟΣ (ΚΑΡΛΟΒΑΣΙ),76,ΙΚΑΡΙΑ - ΡΑΧΕΣ,ΣΑΜΟΥ
122,,27/10/14,3,113,95,8,5,7,30,45,78,286,84040100,Δ.Δ.Καρλοβασίων,16837,45502,,217,ΣΑΜΟΣ (ΚΑΡΛΟΒΑΣΙ),76,ΙΚΑΡΙΑ - ΡΑΧΕΣ,ΣΑΜΟΥ
123,,26/08/14,1,38,43,4,5,7,5,22,120,201,84040700,Δ.Δ.Κοσμαδαίων,16859,45503,,217,ΣΑΜΟΣ (ΚΑΡΛΟΒΑΣΙ),76,ΙΚΑΡΙΑ - ΡΑΧΕΣ,ΣΑΜΟΥ
124,,29/09/14,2,87,108,3,5,4,25,71,137,332,84040700,Δ.Δ.Κοσμαδαίων,16859,45504,,217,ΣΑΜΟΣ (ΚΑΡΛΟΒΑΣΙ),76,ΙΚΑΡΙΑ - ΡΑΧΕΣ,ΣΑΜΟΥ
125,,28/10/14,3,70,49,0,0,0,14,35,162,281,84040700,Δ.Δ.Κοσμαδαίων,16859,45505,,217,ΣΑΜΟΣ (ΚΑΡΛΟΒΑΣΙ),76,ΙΚΑΡΙΑ - ΡΑΧΕΣ,ΣΑΜΟΥ
126,,27/08/14,1,36,26,0,0,0,0,26,98,160,84040800,Δ.Δ.Λέκας,16862,45506,,217,ΣΑΜΟΣ (ΚΑΡΛΟΒΑΣΙ),76,ΙΚΑΡΙΑ - ΡΑΧΕΣ,ΣΑΜΟΥ
127,,27/09/14,2,45,41,0,0,0,0,41,31,117,84040800,Δ.Δ.Λέκας,16862,45507,,217,ΣΑΜΟΣ (ΚΑΡΛΟΒΑΣΙ),76,ΙΚΑΡΙΑ - ΡΑΧΕΣ,ΣΑΜΟΥ
128,,26/09/14,3,38,188,14,15,14,50,95,89,315,84040800,Δ.Δ.Λέκας,16862,45508,,217,ΣΑΜΟΣ (ΚΑΡΛΟΒΑΣΙ),76,ΙΚΑΡΙΑ - ΡΑΧΕΣ,ΣΑΜΟΥ
129,,30/08/14,1,74,45,7,5,3,0,30,92,211,84040900,Δ.Δ.Πλατάνου,16865,45509,,217,ΣΑΜΟΣ (ΚΑΡΛΟΒΑΣΙ),0,no alternative,ΣΑΜΟΥ
130,,30/09/14,2,120,80,3,5,8,8,56,112,312,84040900,Δ.Δ.Πλατάνου,16865,45510,,217,ΣΑΜΟΣ (ΚΑΡΛΟΒΑΣΙ),0,no alternative,ΣΑΜΟΥ
131,,28/10/14,3,113,56,0,0,0,42,14,212,381,84040900,Δ.Δ.Πλατάνου,16865,45511,,217,ΣΑΜΟΣ (ΚΑΡΛΟΒΑΣΙ),0,no alternative,ΣΑΜΟΥ
132,,25/08/14,1,148,53,0,1,6,0,46,110,311,84040500,Δ.Δ.Κονταιίκων,16850,45513,,217,ΣΑΜΟΣ (ΚΑΡΛΟΒΑΣΙ),76,ΙΚΑΡΙΑ - ΡΑΧΕΣ,ΣΑΜΟΥ
133,,29/09/14,2,112,69,5,5,7,0,52,52,233,84040500,Δ.Δ.Κονταιίκων,16850,45514,,217,ΣΑΜΟΣ (ΚΑΡΛΟΒΑΣΙ),76,ΙΚΑΡΙΑ - ΡΑΧΕΣ,ΣΑΜΟΥ
134,,26/09/14,3,91,87,8,10,28,5,36,66,244,84040500,Δ.Δ.Κονταιίκων,16850,45515,,217,ΣΑΜΟΣ (ΚΑΡΛΟΒΑΣΙ),76,ΙΚΑΡΙΑ - ΡΑΧΕΣ,ΣΑΜΟΥ
135,,25/08/14,1,134,215,1,2,3,0,209,267,616,84040400,Δ.Δ.Καστανέας,16848,45519,,217,ΣΑΜΟΣ (ΚΑΡΛΟΒΑΣΙ),76,ΙΚΑΡΙΑ - ΡΑΧΕΣ,ΣΑΜΟΥ
136,,25/09/14,2,69,33,0,0,3,3,27,93,195,84040400,Δ.Δ.Καστανέας,16848,45524,,217,ΣΑΜΟΣ (ΚΑΡΛΟΒΑΣΙ),76,ΙΚΑΡΙΑ - ΡΑΧΕΣ,ΣΑΜΟΥ
137,,30/10/14,3,34,97,10,14,16,11,46,97,228,84040400,Δ.Δ.Καστανέας,16848,45529,,217,ΣΑΜΟΣ (ΚΑΡΛΟΒΑΣΙ),76,ΙΚΑΡΙΑ - ΡΑΧΕΣ,ΣΑΜΟΥ
138,,26/08/14,1,25,15,0,0,0,0,15,43,83,84050300,Δ.Δ.Κουμαιίκων,16882,45531,,217,ΣΑΜΟΣ (ΚΑΡΛΟΒΑΣΙ),76,ΙΚΑΡΙΑ - ΡΑΧΕΣ,ΣΑΜΟΥ
139,,26/09/14,2,94,20,0,0,0,0,20,56,170,84050300,Δ.Δ.Κουμαιίκων,16882,45534,,217,ΣΑΜΟΣ (ΚΑΡΛΟΒΑΣΙ),76,ΙΚΑΡΙΑ - ΡΑΧΕΣ,ΣΑΜΟΥ
140,,29/10/14,3,69,47,1,1,3,11,31,42,158,84050300,Δ.Δ.Κουμαιίκων,16882,45537,,217,ΣΑΜΟΣ (ΚΑΡΛΟΒΑΣΙ),76,ΙΚΑΡΙΑ - ΡΑΧΕΣ,ΣΑΜΟΥ
143,,30/08/14,2,38,30,10,0,10,0,10,,68,64110400,Δ.Δ.Νέου Μαρμαρά,14287,36565,,141,ΜΑΡΜΑΡΑΣ,235,ΣΤΡΑΤΩΝΙ,ΧΑΛΚΙΔΙΚΗΣ
144,,30/07/14,1,10,10,0,0,10,0,0,,20,64090200,Δ.Δ.Αγίας Παρασκευής,14237,36560,,96,ΚΑΣΣΑΝΔΡΕΙΑ,235,ΣΤΡΑΤΩΝΙ,ΧΑΛΚΙΔΙΚΗΣ
145,,30/08/14,2,29,20,0,0,10,0,10,,49,64090200,Δ.Δ.Αγίας Παρασκευής,14237,36561,,96,ΚΑΣΣΑΝΔΡΕΙΑ,235,ΣΤΡΑΤΩΝΙ,ΧΑΛΚΙΔΙΚΗΣ
146,,30/07/14,1,0,0,0,0,0,0,0,,0,64110100,Δ.Δ.Νικήτης (Νικήτα),14265,36562,,141,ΜΑΡΜΑΡΑΣ,235,ΣΤΡΑΤΩΝΙ,ΧΑΛΚΙΔΙΚΗΣ
147,,30/08/14,2,10,10,0,0,0,0,10,,20,64110100,Δ.Δ.Νικήτης (Νικήτα),14265,36563,,141,ΜΑΡΜΑΡΑΣ,235,ΣΤΡΑΤΩΝΙ,ΧΑΛΚΙΔΙΚΗΣ
148,,30/07/14,1,10,10,0,10,0,0,0,,20,64110400,Δ.Δ.Νέου Μαρμαρά,14287,36564,,141,ΜΑΡΜΑΡΑΣ,235,ΣΤΡΑΤΩΝΙ,ΧΑΛΚΙΔΙΚΗΣ
149,,30/07/14,1,19,0,0,0,0,0,0,,19,64130100,Δ.Δ.Συκέας,14326,36566,,141,ΜΑΡΜΑΡΑΣ,235,ΣΤΡΑΤΩΝΙ,ΧΑΛΚΙΔΙΚΗΣ
150,,30/08/14,2,38,48,0,10,0,0,38,,86,64130100,Δ.Δ.Συκέας,14326,36567,,141,ΜΑΡΜΑΡΑΣ,235,ΣΤΡΑΤΩΝΙ,ΧΑΛΚΙΔΙΚΗΣ
151,,30/07/14,1,10,10,10,0,0,0,0,,20,64130200,Δ.Δ.Σάρτης,14336,36568,,141,ΜΑΡΜΑΡΑΣ,235,ΣΤΡΑΤΩΝΙ,ΧΑΛΚΙΔΙΚΗΣ
152,,30/08/14,2,19,39,10,0,0,0,29,,58,64130200,Δ.Δ.Σάρτης,14336,36569,,141,ΜΑΡΜΑΡΑΣ,235,ΣΤΡΑΤΩΝΙ,ΧΑΛΚΙΔΙΚΗΣ
153,,30/09/14,3,144,164,19,77,29,10,29,,308,64130200,Δ.Δ.Σάρτης,14336,40354,,141,ΜΑΡΜΑΡΑΣ,235,ΣΤΡΑΤΩΝΙ,ΧΑΛΚΙΔΙΚΗΣ
154,,30/10/14,4,163,188,0,10,29,19,130,,351,64130200,Δ.Δ.Σάρτης,14336,40355,,141,ΜΑΡΜΑΡΑΣ,235,ΣΤΡΑΤΩΝΙ,ΧΑΛΚΙΔΙΚΗΣ
155,,30/09/14,3,144,173,0,106,48,0,19,,317,64130100,Δ.Δ.Συκέας,14326,40356,,141,ΜΑΡΜΑΡΑΣ,235,ΣΤΡΑΤΩΝΙ,ΧΑΛΚΙΔΙΚΗΣ
156,,30/10/14,4,192,182,0,19,29,38,96,,374,64130100,Δ.Δ.Συκέας,14326,40357,,141,ΜΑΡΜΑΡΑΣ,235,ΣΤΡΑΤΩΝΙ,ΧΑΛΚΙΔΙΚΗΣ
157,,30/09/14,3,67,143,38,19,19,38,29,,210,64110400,Δ.Δ.Νέου Μαρμαρά,14287,40358,,141,ΜΑΡΜΑΡΑΣ,235,ΣΤΡΑΤΩΝΙ,ΧΑΛΚΙΔΙΚΗΣ
158,,30/10/14,4,106,203,10,10,58,58,67,,309,64110400,Δ.Δ.Νέου Μαρμαρά,14287,40359,,141,ΜΑΡΜΑΡΑΣ,235,ΣΤΡΑΤΩΝΙ,ΧΑΛΚΙΔΙΚΗΣ
159,,30/09/14,3,58,87,0,10,10,38,29,,145,64090200,Δ.Δ.Αγίας Παρασκευής,14237,40378,,96,ΚΑΣΣΑΝΔΡΕΙΑ,235,ΣΤΡΑΤΩΝΙ,ΧΑΛΚΙΔΙΚΗΣ
160,,30/10/14,4,96,173,19,19,29,48,58,,269,64090200,Δ.Δ.Αγίας Παρασκευής,14237,40379,,96,ΚΑΣΣΑΝΔΡΕΙΑ,235,ΣΤΡΑΤΩΝΙ,ΧΑΛΚΙΔΙΚΗΣ
161,,30/09/14,3,48,49,10,19,0,10,10,,97,64110100,Δ.Δ.Νικήτης (Νικήτα),14265,40380,,141,ΜΑΡΜΑΡΑΣ,235,ΣΤΡΑΤΩΝΙ,ΧΑΛΚΙΔΙΚΗΣ
162,,30/10/14,4,125,87,10,10,48,0,19,,212,64110100,Δ.Δ.Νικήτης (Νικήτα),14265,40381,,141,ΜΑΡΜΑΡΑΣ,235,ΣΤΡΑΤΩΝΙ,ΧΑΛΚΙΔΙΚΗΣ
163,,30/09/14,3,86,191,48,67,57,19,,,277,64020100,Δ.Δ.Γαλατίστης,14112,40652,,202,ΠΟΛΥΓΥΡΟΣ,0,no alternative,ΧΑΛΚΙΔΙΚΗΣ
164,,30/10/14,4,86,317,,29,192,29,67,,403,64020100,Δ.Δ.Γαλατίστης,14112,40653,,202,ΠΟΛΥΓΥΡΟΣ,0,no alternative,ΧΑΛΚΙΔΙΚΗΣ
165,,30/09/14,3,77,68,48,10,10,,,,145,64100100,Δ.Δ.Μεγάλης Παναγίας,14254,40654,,202,ΠΟΛΥΓΥΡΟΣ,0,no alternative,ΧΑΛΚΙΔΙΚΗΣ
166,,30/10/14,4,58,87,,29,29,19,10,,145,64100100,Δ.Δ.Μεγάλης Παναγίας,14254,40655,,202,ΠΟΛΥΓΥΡΟΣ,0,no alternative,ΧΑΛΚΙΔΙΚΗΣ
167,,30/09/14,3,96,96,10,19,,38,29,,192,64100300,Δ.Δ.Πυργαδικίων,14260,40656,,141,ΜΑΡΜΑΡΑΣ,235,ΣΤΡΑΤΩΝΙ,ΧΑΛΚΙΔΙΚΗΣ
168,,30/10/14,4,77,182,10,38,48,48,38,,259,64100300,Δ.Δ.Πυργαδικίων,14260,40657,,141,ΜΑΡΜΑΡΑΣ,235,ΣΤΡΑΤΩΝΙ,ΧΑΛΚΙΔΙΚΗΣ
169,,30/09/14,3,67,411,86,105,96,86,38,,478,64100200,Δ.Δ.Γοματίου,14256,40681,,202,ΠΟΛΥΓΥΡΟΣ,235,ΣΤΡΑΤΩΝΙ,ΧΑΛΚΙΔΙΚΗΣ
170,,30/10/14,4,67,470,115,96,115,96,48,,537,64100200,Δ.Δ.Γοματίου,14256,40682,,202,ΠΟΛΥΓΥΡΟΣ,235,ΣΤΡΑΤΩΝΙ,ΧΑΛΚΙΔΙΚΗΣ
171,,30/09/14,3,77,365,48,77,77,86,77,,442,64120100,Δ.Δ.Ιερισσού,14298,40683,,235,ΣΤΡΑΤΩΝΙ,0,no alternative,ΧΑΛΚΙΔΙΚΗΣ
172,,30/10/14,4,96,394,48,77,67,125,77,,490,64120100,Δ.Δ.Ιερισσού,14298,40684,,235,ΣΤΡΑΤΩΝΙ,0,no alternative,ΧΑΛΚΙΔΙΚΗΣ
173,,30/09/14,3,58,385,48,77,106,96,58,,443,64120300,Δ.Δ.Νέων Ρόδων,14309,40685,,235,ΣΤΡΑΤΩΝΙ,0,no alternative,ΧΑΛΚΙΔΙΚΗΣ
174,,30/10/14,4,96,442,48,96,106,144,48,,538,64120300,Δ.Δ.Νέων Ρόδων,14309,40686,,235,ΣΤΡΑΤΩΝΙ,0,no alternative,ΧΑΛΚΙΔΙΚΗΣ
175,,30/07/09,1,14,56,5,12,29,,10,0,70,64110200,Δ.Δ.Αγίου Νικολάου,14268,9001,,141,ΜΑΡΜΑΡΑΣ,235,ΣΤΡΑΤΩΝΙ,ΧΑΛΚΙΔΙΚΗΣ
176,,30/08/09,1,5,283,10,24,36,132,74,0,288,64110200,Δ.Δ.Αγίου Νικολάου,14268,9002,7,141,ΜΑΡΜΑΡΑΣ,235,ΣΤΡΑΤΩΝΙ,ΧΑΛΚΙΔΙΚΗΣ
177,,30/09/09,1,7,809,10,24,29,94,638,0,816,64110200,Δ.Δ.Αγίου Νικολάου,14268,9003,14,141,ΜΑΡΜΑΡΑΣ,235,ΣΤΡΑΤΩΝΙ,ΧΑΛΚΙΔΙΚΗΣ
178,,30/10/09,1,,815,14,26,34,86,650,0,815,64110200,Δ.Δ.Αγίου Νικολάου,14268,9004,5,141,ΜΑΡΜΑΡΑΣ,235,ΣΤΡΑΤΩΝΙ,ΧΑΛΚΙΔΙΚΗΣ
179,,30/07/09,2,10,33,7,19,5,2,,0,43,64110200,Δ.Δ.Αγίου Νικολάου,14268,9005,,141,ΜΑΡΜΑΡΑΣ,235,ΣΤΡΑΤΩΝΙ,ΧΑΛΚΙΔΙΚΗΣ
180,,30/08/09,2,7,130,10,14,12,26,58,0,137,64110200,Δ.Δ.Αγίου Νικολάου,14268,9006,10,141,ΜΑΡΜΑΡΑΣ,235,ΣΤΡΑΤΩΝΙ,ΧΑΛΚΙΔΙΚΗΣ
181,,30/09/09,2,7,823,12,72,96,168,456,0,830,64110200,Δ.Δ.Αγίου Νικολάου,14268,9007,19,141,ΜΑΡΜΑΡΑΣ,235,ΣΤΡΑΤΩΝΙ,ΧΑΛΚΙΔΙΚΗΣ
182,,30/10/09,2,,825,19,70,72,182,475,0,825,64110200,Δ.Δ.Αγίου Νικολάου,14268,9008,7,141,ΜΑΡΜΑΡΑΣ,235,ΣΤΡΑΤΩΝΙ,ΧΑΛΚΙΔΙΚΗΣ
183,,30/07/09,3,48,259,12,7,,,240,0,307,64110200,Δ.Δ.Αγίου Νικολάου,14268,9009,,141,ΜΑΡΜΑΡΑΣ,235,ΣΤΡΑΤΩΝΙ,ΧΑΛΚΙΔΙΚΗΣ
184,,30/08/09,3,7,125,5,14,5,48,43,0,132,64110200,Δ.Δ.Αγίου Νικολάου,14268,9010,10,141,ΜΑΡΜΑΡΑΣ,235,ΣΤΡΑΤΩΝΙ,ΧΑΛΚΙΔΙΚΗΣ
185,,30/09/09,3,2,741,10,48,60,134,470,0,743,64110200,Δ.Δ.Αγίου Νικολάου,14268,9011,19,141,ΜΑΡΜΑΡΑΣ,235,ΣΤΡΑΤΩΝΙ,ΧΑΛΚΙΔΙΚΗΣ
186,,30/10/09,3,,761,14,58,72,132,480,0,761,64110200,Δ.Δ.Αγίου Νικολάου,14268,9012,5,141,ΜΑΡΜΑΡΑΣ,235,ΣΤΡΑΤΩΝΙ,ΧΑΛΚΙΔΙΚΗΣ
187,,30/07/09,1,106,2,2,,,,,0,108,64080200,Δ.Δ.Μεταμορφώσεως,14231,9013,,141,ΜΑΡΜΑΡΑΣ,202,ΠΟΛΥΓΥΡΟΣ,ΧΑΛΚΙΔΙΚΗΣ
188,,30/08/09,1,151,212,86,,,126,,0,363,64080200,Δ.Δ.Μεταμορφώσεως,14231,9014,,141,ΜΑΡΜΑΡΑΣ,202,ΠΟΛΥΓΥΡΟΣ,ΧΑΛΚΙΔΙΚΗΣ
189,,30/09/09,1,534,253,,111,,30,112,0,787,64080200,Δ.Δ.Μεταμορφώσεως,14231,9015,,141,ΜΑΡΜΑΡΑΣ,202,ΠΟΛΥΓΥΡΟΣ,ΧΑΛΚΙΔΙΚΗΣ
190,,30/10/09,1,209,345,,,127,182,36,0,554,64080200,Δ.Δ.Μεταμορφώσεως,14231,9016,,141,ΜΑΡΜΑΡΑΣ,202,ΠΟΛΥΓΥΡΟΣ,ΧΑΛΚΙΔΙΚΗΣ
191,,30/07/09,2,106,3,3,,,,,0,109,64080200,Δ.Δ.Μεταμορφώσεως,14231,9017,,141,ΜΑΡΜΑΡΑΣ,202,ΠΟΛΥΓΥΡΟΣ,ΧΑΛΚΙΔΙΚΗΣ
192,,30/08/09,2,161,151,33,,,118,,0,312,64080200,Δ.Δ.Μεταμορφώσεως,14231,9018,,141,ΜΑΡΜΑΡΑΣ,202,ΠΟΛΥΓΥΡΟΣ,ΧΑΛΚΙΔΙΚΗΣ
193,,30/09/09,2,575,299,,143,,48,108,0,874,64080200,Δ.Δ.Μεταμορφώσεως,14231,9019,,141,ΜΑΡΜΑΡΑΣ,202,ΠΟΛΥΓΥΡΟΣ,ΧΑΛΚΙΔΙΚΗΣ
194,,30/10/09,2,205,339,,,132,182,25,0,544,64080200,Δ.Δ.Μεταμορφώσεως,14231,9020,,141,ΜΑΡΜΑΡΑΣ,202,ΠΟΛΥΓΥΡΟΣ,ΧΑΛΚΙΔΙΚΗΣ
195,,30/07/09,1,58,115,29,38,19,,29,0,173,64110400,Δ.Δ.Νέου Μαρμαρά,14287,9021,,141,ΜΑΡΜΑΡΑΣ,235,ΣΤΡΑΤΩΝΙ,ΧΑΛΚΙΔΙΚΗΣ
196,,30/08/09,1,125,259,48,58,29,38,86,0,384,64110400,Δ.Δ.Νέου Μαρμαρά,14287,9022,,141,ΜΑΡΜΑΡΑΣ,235,ΣΤΡΑΤΩΝΙ,ΧΑΛΚΙΔΙΚΗΣ
197,,30/09/09,1,154,683,96,154,125,106,202,0,837,64110400,Δ.Δ.Νέου Μαρμαρά,14287,9023,,141,ΜΑΡΜΑΡΑΣ,235,ΣΤΡΑΤΩΝΙ,ΧΑΛΚΙΔΙΚΗΣ
198,,30/10/09,1,86,470,86,125,67,86,106,0,556,64110400,Δ.Δ.Νέου Μαρμαρά,14287,9024,,141,ΜΑΡΜΑΡΑΣ,235,ΣΤΡΑΤΩΝΙ,ΧΑΛΚΙΔΙΚΗΣ
199,,30/07/09,2,29,105,29,38,19,,19,0,134,64110400,Δ.Δ.Νέου Μαρμαρά,14287,9025,,141,ΜΑΡΜΑΡΑΣ,235,ΣΤΡΑΤΩΝΙ,ΧΑΛΚΙΔΙΚΗΣ
200,,30/08/09,2,125,211,48,48,58,19,38,0,336,64110400,Δ.Δ.Νέου Μαρμαρά,14287,9026,,141,ΜΑΡΜΑΡΑΣ,235,ΣΤΡΑΤΩΝΙ,ΧΑΛΚΙΔΙΚΗΣ
201,,30/09/09,2,173,816,96,154,182,106,278,0,989,64110400,Δ.Δ.Νέου Μαρμαρά,14287,9027,,141,ΜΑΡΜΑΡΑΣ,235,ΣΤΡΑΤΩΝΙ,ΧΑΛΚΙΔΙΚΗΣ
202,,30/10/09,2,86,441,86,86,86,77,106,0,527,64110400,Δ.Δ.Νέου Μαρμαρά,14287,9028,,141,ΜΑΡΜΑΡΑΣ,235,ΣΤΡΑΤΩΝΙ,ΧΑΛΚΙΔΙΚΗΣ
203,,30/07/09,1,,0,,,,,,0,0,64100100,Δ.Δ.Μεγάλης Παναγίας,14254,9029,,202,ΠΟΛΥΓΥΡΟΣ,0,no alternative,ΧΑΛΚΙΔΙΚΗΣ
204,,30/08/09,1,,18,6,,,,,0,18,64100100,Δ.Δ.Μεγάλης Παναγίας,14254,9030,12,202,ΠΟΛΥΓΥΡΟΣ,0,no alternative,ΧΑΛΚΙΔΙΚΗΣ
205,,30/09/09,1,,29,6,6,,,,0,29,64100100,Δ.Δ.Μεγάλης Παναγίας,14254,9031,17,202,ΠΟΛΥΓΥΡΟΣ,0,no alternative,ΧΑΛΚΙΔΙΚΗΣ
206,,30/10/09,1,,37,7,3,1,6,4,0,37,64100100,Δ.Δ.Μεγάλης Παναγίας,14254,9032,16,202,ΠΟΛΥΓΥΡΟΣ,0,no alternative,ΧΑΛΚΙΔΙΚΗΣ
207,,30/07/09,2,,4,3,,,,,0,4,64100100,Δ.Δ.Μεγάλης Παναγίας,14254,9033,1,202,ΠΟΛΥΓΥΡΟΣ,0,no alternative,ΧΑΛΚΙΔΙΚΗΣ
208,,30/08/09,2,,33,7,8,,,,0,33,64100100,Δ.Δ.Μεγάλης Παναγίας,14254,9034,18,202,ΠΟΛΥΓΥΡΟΣ,0,no alternative,ΧΑΛΚΙΔΙΚΗΣ
209,,30/09/09,2,,43,13,14,7,,,0,43,64100100,Δ.Δ.Μεγάλης Παναγίας,14254,9035,9,202,ΠΟΛΥΓΥΡΟΣ,0,no alternative,ΧΑΛΚΙΔΙΚΗΣ
210,,30/10/09,2,,66,9,9,7,8,5,0,66,64100100,Δ.Δ.Μεγάλης Παναγίας,14254,9036,28,202,ΠΟΛΥΓΥΡΟΣ,0,no alternative,ΧΑΛΚΙΔΙΚΗΣ
211,,30/07/09,1,,0,,,,,,0,0,64020100,Δ.Δ.Γαλατίστης,14112,9037,,202,ΠΟΛΥΓΥΡΟΣ,0,no alternative,ΧΑΛΚΙΔΙΚΗΣ
212,,30/08/09,1,5,11,7,,,,,0,16,64020100,Δ.Δ.Γαλατίστης,14112,9038,4,202,ΠΟΛΥΓΥΡΟΣ,0,no alternative,ΧΑΛΚΙΔΙΚΗΣ
213,,30/09/09,1,10,63,10,14,10,10,19,0,73,64020100,Δ.Δ.Γαλατίστης,14112,9039,,202,ΠΟΛΥΓΥΡΟΣ,0,no alternative,ΧΑΛΚΙΔΙΚΗΣ
214,,30/10/09,1,,87,,38,10,10,29,0,87,64020100,Δ.Δ.Γαλατίστης,14112,9040,,202,ΠΟΛΥΓΥΡΟΣ,0,no alternative,ΧΑΛΚΙΔΙΚΗΣ
215,,30/07/09,2,,0,,,,,,0,0,64020100,Δ.Δ.Γαλατίστης,14112,9041,,202,ΠΟΛΥΓΥΡΟΣ,0,no alternative,ΧΑΛΚΙΔΙΚΗΣ
216,,30/08/09,2,13,7,,,,,,0,20,64020100,Δ.Δ.Γαλατίστης,14112,9042,7,202,ΠΟΛΥΓΥΡΟΣ,0,no alternative,ΧΑΛΚΙΔΙΚΗΣ
217,,30/09/09,2,74,53,14,10,10,19,,0,127,64020100,Δ.Δ.Γαλατίστης,14112,9043,,202,ΠΟΛΥΓΥΡΟΣ,0,no alternative,ΧΑΛΚΙΔΙΚΗΣ
218,,30/10/09,2,86,78,,15,15,19,29,0,164,64020100,Δ.Δ.Γαλατίστης,14112,9044,,202,ΠΟΛΥΓΥΡΟΣ,0,no alternative,ΧΑΛΚΙΔΙΚΗΣ
219,,30/07/09,1,,0,,,,,,0,0,64100200,Δ.Δ.Γοματίου,14256,9045,,202,ΠΟΛΥΓΥΡΟΣ,235,ΣΤΡΑΤΩΝΙ,ΧΑΛΚΙΔΙΚΗΣ
220,,30/08/09,1,,16,6,,,,,0,16,64100200,Δ.Δ.Γοματίου,14256,9046,10,202,ΠΟΛΥΓΥΡΟΣ,235,ΣΤΡΑΤΩΝΙ,ΧΑΛΚΙΔΙΚΗΣ
221,,30/09/09,1,,29,6,6,,,,0,29,64100200,Δ.Δ.Γοματίου,14256,9047,17,202,ΠΟΛΥΓΥΡΟΣ,235,ΣΤΡΑΤΩΝΙ,ΧΑΛΚΙΔΙΚΗΣ
222,,30/10/09,1,,36,7,3,1,6,4,0,36,64100200,Δ.Δ.Γοματίου,14256,9048,15,202,ΠΟΛΥΓΥΡΟΣ,235,ΣΤΡΑΤΩΝΙ,ΧΑΛΚΙΔΙΚΗΣ
223,,30/07/09,1,,4,3,,,,,0,4,64100300,Δ.Δ.Πυργαδικίων,14260,9049,1,141,ΜΑΡΜΑΡΑΣ,235,ΣΤΡΑΤΩΝΙ,ΧΑΛΚΙΔΙΚΗΣ
224,,30/08/09,1,,35,8,9,,,,0,35,64100300,Δ.Δ.Πυργαδικίων,14260,9050,18,141,ΜΑΡΜΑΡΑΣ,235,ΣΤΡΑΤΩΝΙ,ΧΑΛΚΙΔΙΚΗΣ
225,,30/09/09,1,,36,14,14,,,,0,36,64100300,Δ.Δ.Πυργαδικίων,14260,9051,8,141,ΜΑΡΜΑΡΑΣ,235,ΣΤΡΑΤΩΝΙ,ΧΑΛΚΙΔΙΚΗΣ
226,,30/10/09,1,,51,9,9,9,9,5,0,51,64100300,Δ.Δ.Πυργαδικίων,14260,9052,10,141,ΜΑΡΜΑΡΑΣ,235,ΣΤΡΑΤΩΝΙ,ΧΑΛΚΙΔΙΚΗΣ
227,,30/07/09,1,,20,,,10,,,0,20,64120100,Δ.Δ.Ιερισσού,14298,9053,10,235,ΣΤΡΑΤΩΝΙ,0,no alternative,ΧΑΛΚΙΔΙΚΗΣ
228,,30/08/09,1,,49,10,29,,,,0,49,64120100,Δ.Δ.Ιερισσού,14298,9054,10,235,ΣΤΡΑΤΩΝΙ,0,no alternative,ΧΑΛΚΙΔΙΚΗΣ
229,,30/09/09,1,,69,10,10,29,,10,0,69,64120100,Δ.Δ.Ιερισσού,14298,9055,10,235,ΣΤΡΑΤΩΝΙ,0,no alternative,ΧΑΛΚΙΔΙΚΗΣ
230,,30/10/09,1,,135,10,38,58,,10,0,135,64120100,Δ.Δ.Ιερισσού,14298,9056,19,235,ΣΤΡΑΤΩΝΙ,0,no alternative,ΧΑΛΚΙΔΙΚΗΣ
231,,30/07/09,1,,0,,,,,,0,0,64120300,Δ.Δ.Νέων Ρόδων,14309,9057,,235,ΣΤΡΑΤΩΝΙ,0,no alternative,ΧΑΛΚΙΔΙΚΗΣ
232,,30/08/09,1,,78,10,19,10,10,10,0,78,64120300,Δ.Δ.Νέων Ρόδων,14309,9058,19,235,ΣΤΡΑΤΩΝΙ,0,no alternative,ΧΑΛΚΙΔΙΚΗΣ
233,,30/09/09,1,,125,19,19,29,10,,0,125,64120300,Δ.Δ.Νέων Ρόδων,14309,9059,48,235,ΣΤΡΑΤΩΝΙ,0,no alternative,ΧΑΛΚΙΔΙΚΗΣ
234,,30/10/09,1,,134,29,19,10,19,19,0,134,64120300,Δ.Δ.Νέων Ρόδων,14309,9060,38,235,ΣΤΡΑΤΩΝΙ,0,no alternative,ΧΑΛΚΙΔΙΚΗΣ
235,,30/07/09,1,,20,10,,,,,0,20,64120500,Δ.Δ.Ουρανοπόλεως,14315,9061,10,235,ΣΤΡΑΤΩΝΙ,141,ΜΑΡΜΑΡΑΣ,ΧΑΛΚΙΔΙΚΗΣ
236,,30/08/09,1,,58,19,29,,,,0,58,64120500,Δ.Δ.Ουρανοπόλεως,14315,9062,10,235,ΣΤΡΑΤΩΝΙ,141,ΜΑΡΜΑΡΑΣ,ΧΑΛΚΙΔΙΚΗΣ
237,,30/09/09,1,,201,67,58,19,19,19,0,201,64120500,Δ.Δ.Ουρανοπόλεως,14315,9063,19,235,ΣΤΡΑΤΩΝΙ,141,ΜΑΡΜΑΡΑΣ,ΧΑΛΚΙΔΙΚΗΣ
238,,30/10/09,1,,499,106,144,86,38,48,0,499,64120500,Δ.Δ.Ουρανοπόλεως,14315,9064,77,235,ΣΤΡΑΤΩΝΙ,141,ΜΑΡΜΑΡΑΣ,ΧΑΛΚΙΔΙΚΗΣ
239,0,30/07/09,1,,0,,,,,,0,0,64110100,Δ.Δ.Νικήτης (Νικήτα),14265,9065,,141,ΜΑΡΜΑΡΑΣ,235,ΣΤΡΑΤΩΝΙ,ΧΑΛΚΙΔΙΚΗΣ
240,0,30/08/09,1,,0,,,,,,0,0,64110100,Δ.Δ.Νικήτης (Νικήτα),14265,9066,,141,ΜΑΡΜΑΡΑΣ,235,ΣΤΡΑΤΩΝΙ,ΧΑΛΚΙΔΙΚΗΣ
241,0,30/09/09,1,,0,,,,,,0,0,64110100,Δ.Δ.Νικήτης (Νικήτα),14265,9067,,141,ΜΑΡΜΑΡΑΣ,235,ΣΤΡΑΤΩΝΙ,ΧΑΛΚΙΔΙΚΗΣ
242,0,30/10/09,1,,0,,,,,,0,0,64110100,Δ.Δ.Νικήτης (Νικήτα),14265,9068,,141,ΜΑΡΜΑΡΑΣ,235,ΣΤΡΑΤΩΝΙ,ΧΑΛΚΙΔΙΚΗΣ
243,0,30/07/09,4,,0,,,,,,0,0,64110100,Δ.Δ.Νικήτης (Νικήτα),14265,9069,,141,ΜΑΡΜΑΡΑΣ,235,ΣΤΡΑΤΩΝΙ,ΧΑΛΚΙΔΙΚΗΣ
244,0,30/08/09,4,,0,,,,,,0,0,64110100,Δ.Δ.Νικήτης (Νικήτα),14265,9070,,141,ΜΑΡΜΑΡΑΣ,235,ΣΤΡΑΤΩΝΙ,ΧΑΛΚΙΔΙΚΗΣ
245,0,30/09/09,4,,0,,,,,,0,0,64110100,Δ.Δ.Νικήτης (Νικήτα),14265,9071,,141,ΜΑΡΜΑΡΑΣ,235,ΣΤΡΑΤΩΝΙ,ΧΑΛΚΙΔΙΚΗΣ
246,0,30/10/09,4,,0,,,,,,0,0,64110100,Δ.Δ.Νικήτης (Νικήτα),14265,9072,,141,ΜΑΡΜΑΡΑΣ,235,ΣΤΡΑΤΩΝΙ,ΧΑΛΚΙΔΙΚΗΣ
247,,30/07/09,2,106,2,2,,,,,0,108,64110100,Δ.Δ.Νικήτης (Νικήτα),14265,9073,,141,ΜΑΡΜΑΡΑΣ,235,ΣΤΡΑΤΩΝΙ,ΧΑΛΚΙΔΙΚΗΣ
248,,30/08/09,2,151,216,89,,,127,,0,367,64110100,Δ.Δ.Νικήτης (Νικήτα),14265,9074,,141,ΜΑΡΜΑΡΑΣ,235,ΣΤΡΑΤΩΝΙ,ΧΑΛΚΙΔΙΚΗΣ
249,,30/09/09,2,574,244,,110,,31,103,0,818,64110100,Δ.Δ.Νικήτης (Νικήτα),14265,9075,,141,ΜΑΡΜΑΡΑΣ,235,ΣΤΡΑΤΩΝΙ,ΧΑΛΚΙΔΙΚΗΣ
250,,30/10/09,2,199,329,,,132,173,24,0,528,64110100,Δ.Δ.Νικήτης (Νικήτα),14265,9076,,141,ΜΑΡΜΑΡΑΣ,235,ΣΤΡΑΤΩΝΙ,ΧΑΛΚΙΔΙΚΗΣ
251,,30/07/09,3,134,45,14,,,29,2,0,179,64110100,Δ.Δ.Νικήτης (Νικήτα),14265,9077,,141,ΜΑΡΜΑΡΑΣ,235,ΣΤΡΑΤΩΝΙ,ΧΑΛΚΙΔΙΚΗΣ
252,,30/08/09,3,199,173,,41,,55,77,0,372,64110100,Δ.Δ.Νικήτης (Νικήτα),14265,9078,,141,ΜΑΡΜΑΡΑΣ,235,ΣΤΡΑΤΩΝΙ,ΧΑΛΚΙΔΙΚΗΣ
253,,30/09/09,3,437,207,,77,,120,10,0,644,64110100,Δ.Δ.Νικήτης (Νικήτα),14265,9079,,141,ΜΑΡΜΑΡΑΣ,235,ΣΤΡΑΤΩΝΙ,ΧΑΛΚΙΔΙΚΗΣ
254,,30/10/09,3,130,768,,,187,502,79,0,898,64110100,Δ.Δ.Νικήτης (Νικήτα),14265,9080,,141,ΜΑΡΜΑΡΑΣ,235,ΣΤΡΑΤΩΝΙ,ΧΑΛΚΙΔΙΚΗΣ
255,0,30/07/09,1,,0,,,,,,0,0,64130105,Πόρτο Κουφό,14331,9081,,141,ΜΑΡΜΑΡΑΣ,235,ΣΤΡΑΤΩΝΙ,ΧΑΛΚΙΔΙΚΗΣ
256,0,30/08/09,1,,0,,,,,,0,0,64130105,Πόρτο Κουφό,14331,9082,,141,ΜΑΡΜΑΡΑΣ,235,ΣΤΡΑΤΩΝΙ,ΧΑΛΚΙΔΙΚΗΣ
257,0,30/09/09,1,,0,,,,,,0,0,64130105,Πόρτο Κουφό,14331,9083,,141,ΜΑΡΜΑΡΑΣ,235,ΣΤΡΑΤΩΝΙ,ΧΑΛΚΙΔΙΚΗΣ
258,0,30/10/09,1,,0,,,,,,0,0,64130105,Πόρτο Κουφό,14331,9084,,141,ΜΑΡΜΑΡΑΣ,235,ΣΤΡΑΤΩΝΙ,ΧΑΛΚΙΔΙΚΗΣ
259,0,30/07/09,1,,0,,,,,,0,0,64130100,Δ.Δ.Συκέας,14326,9085,,141,ΜΑΡΜΑΡΑΣ,235,ΣΤΡΑΤΩΝΙ,ΧΑΛΚΙΔΙΚΗΣ
260,0,30/08/09,1,,0,,,,,,0,0,64130100,Δ.Δ.Συκέας,14326,9086,,141,ΜΑΡΜΑΡΑΣ,235,ΣΤΡΑΤΩΝΙ,ΧΑΛΚΙΔΙΚΗΣ
261,0,30/09/09,1,,0,,,,,,0,0,64130100,Δ.Δ.Συκέας,14326,9087,,141,ΜΑΡΜΑΡΑΣ,235,ΣΤΡΑΤΩΝΙ,ΧΑΛΚΙΔΙΚΗΣ
262,0,30/10/09,1,,0,,,,,,0,0,64130100,Δ.Δ.Συκέας,14326,9088,,141,ΜΑΡΜΑΡΑΣ,235,ΣΤΡΑΤΩΝΙ,ΧΑΛΚΙΔΙΚΗΣ
263,0,30/07/09,1,,0,,,,,,0,0,64130200,Δ.Δ.Σάρτης,14336,9089,,141,ΜΑΡΜΑΡΑΣ,235,ΣΤΡΑΤΩΝΙ,ΧΑΛΚΙΔΙΚΗΣ
264,0,30/08/09,1,,0,,,,,,0,0,64130200,Δ.Δ.Σάρτης,14336,9090,,141,ΜΑΡΜΑΡΑΣ,235,ΣΤΡΑΤΩΝΙ,ΧΑΛΚΙΔΙΚΗΣ
265,0,30/09/09,1,,0,,,,,,0,0,64130200,Δ.Δ.Σάρτης,14336,9091,,141,ΜΑΡΜΑΡΑΣ,235,ΣΤΡΑΤΩΝΙ,ΧΑΛΚΙΔΙΚΗΣ
266,0,30/10/09,1,,0,,,,,,0,0,64130200,Δ.Δ.Σάρτης,14336,9092,,141,ΜΑΡΜΑΡΑΣ,235,ΣΤΡΑΤΩΝΙ,ΧΑΛΚΙΔΙΚΗΣ
267,,30/07/10,1,24,17,,,,5,12,29,70,64110200,Δ.Δ.Αγίου Νικολάου,14268,10001,,141,ΜΑΡΜΑΡΑΣ,235,ΣΤΡΑΤΩΝΙ,ΧΑΛΚΙΔΙΚΗΣ
268,,30/08/10,1,19,14,,,5,7,2,36,69,64110200,Δ.Δ.Αγίου Νικολάου,14268,10002,,141,ΜΑΡΜΑΡΑΣ,235,ΣΤΡΑΤΩΝΙ,ΧΑΛΚΙΔΙΚΗΣ
269,,30/09/10,1,79,151,,,43,58,50,67,297,64110200,Δ.Δ.Αγίου Νικολάου,14268,10003,,141,ΜΑΡΜΑΡΑΣ,235,ΣΤΡΑΤΩΝΙ,ΧΑΛΚΙΔΙΚΗΣ
270,,30/10/10,1,91,182,,,50,65,67,77,350,64110200,Δ.Δ.Αγίου Νικολάου,14268,10004,,141,ΜΑΡΜΑΡΑΣ,235,ΣΤΡΑΤΩΝΙ,ΧΑΛΚΙΔΙΚΗΣ
271,,30/07/10,2,19,14,,,5,7,2,10,43,64110200,Δ.Δ.Αγίου Νικολάου,14268,10005,,141,ΜΑΡΜΑΡΑΣ,235,ΣΤΡΑΤΩΝΙ,ΧΑΛΚΙΔΙΚΗΣ
272,,30/08/10,2,58,46,,,10,17,19,31,135,64110200,Δ.Δ.Αγίου Νικολάου,14268,10006,,141,ΜΑΡΜΑΡΑΣ,235,ΣΤΡΑΤΩΝΙ,ΧΑΛΚΙΔΙΚΗΣ
273,,30/09/10,2,89,99,,,29,22,48,55,243,64110200,Δ.Δ.Αγίου Νικολάου,14268,10007,,141,ΜΑΡΜΑΡΑΣ,235,ΣΤΡΑΤΩΝΙ,ΧΑΛΚΙΔΙΚΗΣ
274,,30/10/10,2,106,155,,,50,38,67,84,345,64110200,Δ.Δ.Αγίου Νικολάου,14268,10008,,141,ΜΑΡΜΑΡΑΣ,235,ΣΤΡΑΤΩΝΙ,ΧΑΛΚΙΔΙΚΗΣ
275,,30/07/10,3,5,9,,,2,5,2,10,24,64110200,Δ.Δ.Αγίου Νικολάου,14268,10009,,141,ΜΑΡΜΑΡΑΣ,235,ΣΤΡΑΤΩΝΙ,ΧΑΛΚΙΔΙΚΗΣ
276,,30/08/10,3,19,25,,,5,10,10,12,56,64110200,Δ.Δ.Αγίου Νικολάου,14268,10010,,141,ΜΑΡΜΑΡΑΣ,235,ΣΤΡΑΤΩΝΙ,ΧΑΛΚΙΔΙΚΗΣ
277,,30/09/10,3,58,118,,,48,29,41,55,231,64110200,Δ.Δ.Αγίου Νικολάου,14268,10011,,141,ΜΑΡΜΑΡΑΣ,235,ΣΤΡΑΤΩΝΙ,ΧΑΛΚΙΔΙΚΗΣ
278,,30/10/10,3,79,154,,,53,48,53,58,291,64110200,Δ.Δ.Αγίου Νικολάου,14268,10012,,141,ΜΑΡΜΑΡΑΣ,235,ΣΤΡΑΤΩΝΙ,ΧΑΛΚΙΔΙΚΗΣ
279,0,30/07/10,1,,0,,,,,,0,0,64020100,Δ.Δ.Γαλατίστης,14112,10013,,202,ΠΟΛΥΓΥΡΟΣ,0,no alternative,ΧΑΛΚΙΔΙΚΗΣ
280,0,30/08/10,1,,0,,,,,,0,0,64020100,Δ.Δ.Γαλατίστης,14112,10014,,202,ΠΟΛΥΓΥΡΟΣ,0,no alternative,ΧΑΛΚΙΔΙΚΗΣ
281,0,30/09/10,1,,0,,,,,,0,0,64020100,Δ.Δ.Γαλατίστης,14112,10015,,202,ΠΟΛΥΓΥΡΟΣ,0,no alternative,ΧΑΛΚΙΔΙΚΗΣ
282,0,30/10/10,1,,0,,,,,,0,0,64020100,Δ.Δ.Γαλατίστης,14112,10016,,202,ΠΟΛΥΓΥΡΟΣ,0,no alternative,ΧΑΛΚΙΔΙΚΗΣ
283,0,30/07/10,2,,0,,,,,,0,0,64020100,Δ.Δ.Γαλατίστης,14112,10017,,202,ΠΟΛΥΓΥΡΟΣ,0,no alternative,ΧΑΛΚΙΔΙΚΗΣ
284,0,30/08/10,2,,0,,,,,,0,0,64020100,Δ.Δ.Γαλατίστης,14112,10018,,202,ΠΟΛΥΓΥΡΟΣ,0,no alternative,ΧΑΛΚΙΔΙΚΗΣ
285,0,30/09/10,2,,0,,,,,,0,0,64020100,Δ.Δ.Γαλατίστης,14112,10019,,202,ΠΟΛΥΓΥΡΟΣ,0,no alternative,ΧΑΛΚΙΔΙΚΗΣ
286,0,30/10/10,2,,0,,,,,,0,0,64020100,Δ.Δ.Γαλατίστης,14112,10020,,202,ΠΟΛΥΓΥΡΟΣ,0,no alternative,ΧΑΛΚΙΔΙΚΗΣ
287,,30/07/10,1,173,44,,,,35,9,177,394,64100200,Δ.Δ.Γοματίου,14256,10021,,202,ΠΟΛΥΓΥΡΟΣ,235,ΣΤΡΑΤΩΝΙ,ΧΑΛΚΙΔΙΚΗΣ
288,,30/08/10,1,232,58,,,,,58,326,616,64100200,Δ.Δ.Γοματίου,14256,10022,,202,ΠΟΛΥΓΥΡΟΣ,235,ΣΤΡΑΤΩΝΙ,ΧΑΛΚΙΔΙΚΗΣ
289,,30/09/10,1,237,11,,,,,11,210,458,64100200,Δ.Δ.Γοματίου,14256,10023,,202,ΠΟΛΥΓΥΡΟΣ,235,ΣΤΡΑΤΩΝΙ,ΧΑΛΚΙΔΙΚΗΣ
290,,30/10/10,1,119,48,,,23,,25,144,311,64100200,Δ.Δ.Γοματίου,14256,10024,,202,ΠΟΛΥΓΥΡΟΣ,235,ΣΤΡΑΤΩΝΙ,ΧΑΛΚΙΔΙΚΗΣ
291,,30/07/10,1,,0,,,,,,0,0,64120500,Δ.Δ.Ουρανοπόλεως,14315,10025,,235,ΣΤΡΑΤΩΝΙ,141,ΜΑΡΜΑΡΑΣ,ΧΑΛΚΙΔΙΚΗΣ
292,,30/08/10,1,134,8,,,4,,4,59,201,64120500,Δ.Δ.Ουρανοπόλεως,14315,10026,,235,ΣΤΡΑΤΩΝΙ,141,ΜΑΡΜΑΡΑΣ,ΧΑΛΚΙΔΙΚΗΣ
293,,30/09/10,1,232,13,,,,,13,170,415,64120500,Δ.Δ.Ουρανοπόλεως,14315,10027,,235,ΣΤΡΑΤΩΝΙ,141,ΜΑΡΜΑΡΑΣ,ΧΑΛΚΙΔΙΚΗΣ
294,,30/10/10,1,118,53,,,16,7,30,91,262,64120500,Δ.Δ.Ουρανοπόλεως,14315,10028,,235,ΣΤΡΑΤΩΝΙ,141,ΜΑΡΜΑΡΑΣ,ΧΑΛΚΙΔΙΚΗΣ
295,,30/07/10,1,163,0,,,,,,221,384,64120100,Δ.Δ.Ιερισσού,14298,10029,,235,ΣΤΡΑΤΩΝΙ,0,no alternative,ΧΑΛΚΙΔΙΚΗΣ
296,,30/08/10,1,326,26,,,,,26,127,479,64120100,Δ.Δ.Ιερισσού,14298,10030,,235,ΣΤΡΑΤΩΝΙ,0,no alternative,ΧΑΛΚΙΔΙΚΗΣ
297,,30/09/10,1,298,10,,,2,4,4,68,376,64120100,Δ.Δ.Ιερισσού,14298,10031,,235,ΣΤΡΑΤΩΝΙ,0,no alternative,ΧΑΛΚΙΔΙΚΗΣ
298,,30/10/10,1,154,28,,,,2,26,96,278,64120100,Δ.Δ.Ιερισσού,14298,10032,,235,ΣΤΡΑΤΩΝΙ,0,no alternative,ΧΑΛΚΙΔΙΚΗΣ
299,,30/07/10,1,154,77,,,77,,,0,231,64100100,Δ.Δ.Μεγάλης Παναγίας,14254,10033,,202,ΠΟΛΥΓΥΡΟΣ,0,no alternative,ΧΑΛΚΙΔΙΚΗΣ
300,,30/08/10,1,211,115,,,115,,,0,326,64100100,Δ.Δ.Μεγάλης Παναγίας,14254,10034,,202,ΠΟΛΥΓΥΡΟΣ,0,no alternative,ΧΑΛΚΙΔΙΚΗΣ
301,,30/09/10,1,125,134,,,134,,,10,269,64100100,Δ.Δ.Μεγάλης Παναγίας,14254,10035,,202,ΠΟΛΥΓΥΡΟΣ,0,no alternative,ΧΑΛΚΙΔΙΚΗΣ
302,,30/10/10,1,125,174,,,154,10,10,10,309,64100100,Δ.Δ.Μεγάλης Παναγίας,14254,10036,,202,ΠΟΛΥΓΥΡΟΣ,0,no alternative,ΧΑΛΚΙΔΙΚΗΣ
303,,30/07/10,2,173,67,,,67,,,0,240,64100100,Δ.Δ.Μεγάλης Παναγίας,14254,10037,,202,ΠΟΛΥΓΥΡΟΣ,0,no alternative,ΧΑΛΚΙΔΙΚΗΣ
304,,30/08/10,2,211,115,,,115,,,0,326,64100100,Δ.Δ.Μεγάλης Παναγίας,14254,10038,,202,ΠΟΛΥΓΥΡΟΣ,0,no alternative,ΧΑΛΚΙΔΙΚΗΣ
305,,30/09/10,2,326,125,,,125,,,38,489,64100100,Δ.Δ.Μεγάλης Παναγίας,14254,10039,,202,ΠΟΛΥΓΥΡΟΣ,0,no alternative,ΧΑΛΚΙΔΙΚΗΣ
306,,30/10/10,2,134,173,,,144,10,19,29,336,64100100,Δ.Δ.Μεγάλης Παναγίας,14254,10040,,202,ΠΟΛΥΓΥΡΟΣ,0,no alternative,ΧΑΛΚΙΔΙΚΗΣ
307,,30/07/10,1,192,67,,,67,,,0,259,64100300,Δ.Δ.Πυργαδικίων,14260,10041,,141,ΜΑΡΜΑΡΑΣ,235,ΣΤΡΑΤΩΝΙ,ΧΑΛΚΙΔΙΚΗΣ
308,,30/08/10,1,288,134,,,134,,,0,422,64100300,Δ.Δ.Πυργαδικίων,14260,10042,,141,ΜΑΡΜΑΡΑΣ,235,ΣΤΡΑΤΩΝΙ,ΧΑΛΚΙΔΙΚΗΣ
309,,30/09/10,1,235,202,,,202,,,48,485,64100300,Δ.Δ.Πυργαδικίων,14260,10043,,141,ΜΑΡΜΑΡΑΣ,235,ΣΤΡΑΤΩΝΙ,ΧΑΛΚΙΔΙΚΗΣ
310,,30/10/10,1,192,278,,,240,19,19,48,518,64100300,Δ.Δ.Πυργαδικίων,14260,10044,,141,ΜΑΡΜΑΡΑΣ,235,ΣΤΡΑΤΩΝΙ,ΧΑΛΚΙΔΙΚΗΣ
311,0,30/07/10,1,,0,,,,,,0,0,64080200,Δ.Δ.Μεταμορφώσεως,14231,10045,,141,ΜΑΡΜΑΡΑΣ,202,ΠΟΛΥΓΥΡΟΣ,ΧΑΛΚΙΔΙΚΗΣ
312,0,30/08/10,1,,0,,,,,,0,0,64080200,Δ.Δ.Μεταμορφώσεως,14231,10046,,141,ΜΑΡΜΑΡΑΣ,202,ΠΟΛΥΓΥΡΟΣ,ΧΑΛΚΙΔΙΚΗΣ
313,0,30/09/10,1,,0,,,,,,0,0,64080200,Δ.Δ.Μεταμορφώσεως,14231,10047,,141,ΜΑΡΜΑΡΑΣ,202,ΠΟΛΥΓΥΡΟΣ,ΧΑΛΚΙΔΙΚΗΣ
314,0,30/10/10,1,,0,,,,,,0,0,64080200,Δ.Δ.Μεταμορφώσεως,14231,10048,,141,ΜΑΡΜΑΡΑΣ,202,ΠΟΛΥΓΥΡΟΣ,ΧΑΛΚΙΔΙΚΗΣ
315,0,30/07/10,2,,0,,,,,,0,0,64080200,Δ.Δ.Μεταμορφώσεως,14231,10049,,141,ΜΑΡΜΑΡΑΣ,202,ΠΟΛΥΓΥΡΟΣ,ΧΑΛΚΙΔΙΚΗΣ
316,0,30/08/10,2,,0,,,,,,0,0,64080200,Δ.Δ.Μεταμορφώσεως,14231,10050,,141,ΜΑΡΜΑΡΑΣ,202,ΠΟΛΥΓΥΡΟΣ,ΧΑΛΚΙΔΙΚΗΣ
317,0,30/09/10,2,,0,,,,,,0,0,64080200,Δ.Δ.Μεταμορφώσεως,14231,10051,,141,ΜΑΡΜΑΡΑΣ,202,ΠΟΛΥΓΥΡΟΣ,ΧΑΛΚΙΔΙΚΗΣ
318,0,30/10/10,2,,0,,,,,,0,0,64080200,Δ.Δ.Μεταμορφώσεως,14231,10052,,141,ΜΑΡΜΑΡΑΣ,202,ΠΟΛΥΓΥΡΟΣ,ΧΑΛΚΙΔΙΚΗΣ
319,,30/07/10,1,29,105,,,86,,19,0,134,64110400,Δ.Δ.Νέου Μαρμαρά,14287,10053,,141,ΜΑΡΜΑΡΑΣ,235,ΣΤΡΑΤΩΝΙ,ΧΑΛΚΙΔΙΚΗΣ
320,,30/08/10,1,125,211,,,154,19,38,0,336,64110400,Δ.Δ.Νέου Μαρμαρά,14287,10054,,141,ΜΑΡΜΑΡΑΣ,235,ΣΤΡΑΤΩΝΙ,ΧΑΛΚΙΔΙΚΗΣ
321,,30/09/10,1,173,720,,,336,106,278,0,893,64110400,Δ.Δ.Νέου Μαρμαρά,14287,10055,,141,ΜΑΡΜΑΡΑΣ,235,ΣΤΡΑΤΩΝΙ,ΧΑΛΚΙΔΙΚΗΣ
322,,30/10/10,1,86,394,,,211,77,106,0,480,64110400,Δ.Δ.Νέου Μαρμαρά,14287,10056,,141,ΜΑΡΜΑΡΑΣ,235,ΣΤΡΑΤΩΝΙ,ΧΑΛΚΙΔΙΚΗΣ
323,,30/07/10,2,58,115,,,86,,29,0,173,64110400,Δ.Δ.Νέου Μαρμαρά,14287,10057,,141,ΜΑΡΜΑΡΑΣ,235,ΣΤΡΑΤΩΝΙ,ΧΑΛΚΙΔΙΚΗΣ
324,,30/08/10,2,125,258,,,134,38,86,0,383,64110400,Δ.Δ.Νέου Μαρμαρά,14287,10058,,141,ΜΑΡΜΑΡΑΣ,235,ΣΤΡΑΤΩΝΙ,ΧΑΛΚΙΔΙΚΗΣ
325,,30/09/10,2,154,682,,,374,106,202,0,836,64110400,Δ.Δ.Νέου Μαρμαρά,14287,10059,,141,ΜΑΡΜΑΡΑΣ,235,ΣΤΡΑΤΩΝΙ,ΧΑΛΚΙΔΙΚΗΣ
326,,30/10/10,2,86,470,,,278,86,106,0,556,64110400,Δ.Δ.Νέου Μαρμαρά,14287,10060,,141,ΜΑΡΜΑΡΑΣ,235,ΣΤΡΑΤΩΝΙ,ΧΑΛΚΙΔΙΚΗΣ
327,,30/07/10,1,29,96,,,7,,89,0,125,64110100,Δ.Δ.Νικήτης (Νικήτα),14265,10061,,141,ΜΑΡΜΑΡΑΣ,235,ΣΤΡΑΤΩΝΙ,ΧΑΛΚΙΔΙΚΗΣ
328,,30/08/10,1,43,34,,,29,5,,0,77,64110100,Δ.Δ.Νικήτης (Νικήτα),14265,10062,,141,ΜΑΡΜΑΡΑΣ,235,ΣΤΡΑΤΩΝΙ,ΧΑΛΚΙΔΙΚΗΣ
329,,30/09/10,1,67,77,,,,,77,0,144,64110100,Δ.Δ.Νικήτης (Νικήτα),14265,10063,,141,ΜΑΡΜΑΡΑΣ,235,ΣΤΡΑΤΩΝΙ,ΧΑΛΚΙΔΙΚΗΣ
330,,30/10/10,1,38,134,,,10,38,86,0,172,64110100,Δ.Δ.Νικήτης (Νικήτα),14265,10064,,141,ΜΑΡΜΑΡΑΣ,235,ΣΤΡΑΤΩΝΙ,ΧΑΛΚΙΔΙΚΗΣ
331,,30/07/10,2,77,19,,,19,,,0,96,64110100,Δ.Δ.Νικήτης (Νικήτα),14265,10065,,141,ΜΑΡΜΑΡΑΣ,235,ΣΤΡΑΤΩΝΙ,ΧΑΛΚΙΔΙΚΗΣ
332,,30/08/10,2,48,29,,,29,,,0,77,64110100,Δ.Δ.Νικήτης (Νικήτα),14265,10066,,141,ΜΑΡΜΑΡΑΣ,235,ΣΤΡΑΤΩΝΙ,ΧΑΛΚΙΔΙΚΗΣ
333,,30/09/10,2,48,0,,,,,,0,48,64110100,Δ.Δ.Νικήτης (Νικήτα),14265,10067,,141,ΜΑΡΜΑΡΑΣ,235,ΣΤΡΑΤΩΝΙ,ΧΑΛΚΙΔΙΚΗΣ
334,,30/10/10,2,29,0,,,,,,0,29,64110100,Δ.Δ.Νικήτης (Νικήτα),14265,10068,,141,ΜΑΡΜΑΡΑΣ,235,ΣΤΡΑΤΩΝΙ,ΧΑΛΚΙΔΙΚΗΣ
335,,30/07/10,3,38,0,,,,,,0,38,64110100,Δ.Δ.Νικήτης (Νικήτα),14265,10069,,141,ΜΑΡΜΑΡΑΣ,235,ΣΤΡΑΤΩΝΙ,ΧΑΛΚΙΔΙΚΗΣ
336,,30/08/10,3,29,38,,,38,,,0,67,64110100,Δ.Δ.Νικήτης (Νικήτα),14265,10070,,141,ΜΑΡΜΑΡΑΣ,235,ΣΤΡΑΤΩΝΙ,ΧΑΛΚΙΔΙΚΗΣ
337,,30/09/10,3,77,0,,,,,,0,77,64110100,Δ.Δ.Νικήτης (Νικήτα),14265,10071,,141,ΜΑΡΜΑΡΑΣ,235,ΣΤΡΑΤΩΝΙ,ΧΑΛΚΙΔΙΚΗΣ
338,,30/10/10,3,19,10,,,10,,,0,29,64110100,Δ.Δ.Νικήτης (Νικήτα),14265,10072,,141,ΜΑΡΜΑΡΑΣ,235,ΣΤΡΑΤΩΝΙ,ΧΑΛΚΙΔΙΚΗΣ
339,,30/07/10,4,38,96,,,77,,19,0,134,64110100,Δ.Δ.Νικήτης (Νικήτα),14265,10073,,141,ΜΑΡΜΑΡΑΣ,235,ΣΤΡΑΤΩΝΙ,ΧΑΛΚΙΔΙΚΗΣ
340,,30/08/10,4,115,192,,,154,19,19,0,307,64110100,Δ.Δ.Νικήτης (Νικήτα),14265,10074,,141,ΜΑΡΜΑΡΑΣ,235,ΣΤΡΑΤΩΝΙ,ΧΑΛΚΙΔΙΚΗΣ
341,,30/09/10,4,154,576,,,336,96,144,0,730,64110100,Δ.Δ.Νικήτης (Νικήτα),14265,10075,,141,ΜΑΡΜΑΡΑΣ,235,ΣΤΡΑΤΩΝΙ,ΧΑΛΚΙΔΙΚΗΣ
342,,30/10/10,4,67,375,,,202,67,106,0,442,64110100,Δ.Δ.Νικήτης (Νικήτα),14265,10076,,141,ΜΑΡΜΑΡΑΣ,235,ΣΤΡΑΤΩΝΙ,ΧΑΛΚΙΔΙΚΗΣ
343,,30/07/10,1,79,73,,,65,,8,33,185,64130100,Δ.Δ.Συκέας,14326,10077,,141,ΜΑΡΜΑΡΑΣ,235,ΣΤΡΑΤΩΝΙ,ΧΑΛΚΙΔΙΚΗΣ
344,,30/08/10,1,55,57,,,49,,8,27,139,64130100,Δ.Δ.Συκέας,14326,10078,,141,ΜΑΡΜΑΡΑΣ,235,ΣΤΡΑΤΩΝΙ,ΧΑΛΚΙΔΙΚΗΣ
345,,30/09/10,1,43,17,,,14,,3,23,83,64130100,Δ.Δ.Συκέας,14326,10079,,141,ΜΑΡΜΑΡΑΣ,235,ΣΤΡΑΤΩΝΙ,ΧΑΛΚΙΔΙΚΗΣ
346,,30/10/10,1,61,41,,,25,,16,31,133,64130100,Δ.Δ.Συκέας,14326,10080,,141,ΜΑΡΜΑΡΑΣ,235,ΣΤΡΑΤΩΝΙ,ΧΑΛΚΙΔΙΚΗΣ
347,,30/07/10,1,80,62,,,53,,9,32,174,64130105,Πόρτο Κουφό,14331,10081,,141,ΜΑΡΜΑΡΑΣ,235,ΣΤΡΑΤΩΝΙ,ΧΑΛΚΙΔΙΚΗΣ
348,,30/08/10,1,26,41,,,37,,4,20,87,64130105,Πόρτο Κουφό,14331,10082,,141,ΜΑΡΜΑΡΑΣ,235,ΣΤΡΑΤΩΝΙ,ΧΑΛΚΙΔΙΚΗΣ
349,,30/09/10,1,83,106,,,76,7,23,65,254,64130105,Πόρτο Κουφό,14331,10083,,141,ΜΑΡΜΑΡΑΣ,235,ΣΤΡΑΤΩΝΙ,ΧΑΛΚΙΔΙΚΗΣ
350,,30/10/10,1,65,132,,,56,,76,91,288,64130105,Πόρτο Κουφό,14331,10084,,141,ΜΑΡΜΑΡΑΣ,235,ΣΤΡΑΤΩΝΙ,ΧΑΛΚΙΔΙΚΗΣ
351,,30/07/10,1,34,29,,,13,,16,25,88,64130200,Δ.Δ.Σάρτης,14336,10085,,141,ΜΑΡΜΑΡΑΣ,235,ΣΤΡΑΤΩΝΙ,ΧΑΛΚΙΔΙΚΗΣ
352,,30/08/10,1,19,27,,,15,,12,22,68,64130200,Δ.Δ.Σάρτης,14336,10086,,141,ΜΑΡΜΑΡΑΣ,235,ΣΤΡΑΤΩΝΙ,ΧΑΛΚΙΔΙΚΗΣ
353,,30/09/10,1,47,56,,,28,,28,47,150,64130200,Δ.Δ.Σάρτης,14336,10087,,141,ΜΑΡΜΑΡΑΣ,235,ΣΤΡΑΤΩΝΙ,ΧΑΛΚΙΔΙΚΗΣ
354,,30/10/10,1,48,74,,,31,,43,45,167,64130200,Δ.Δ.Σάρτης,14336,10088,,141,ΜΑΡΜΑΡΑΣ,235,ΣΤΡΑΤΩΝΙ,ΧΑΛΚΙΔΙΚΗΣ
355,,30/07/11,1,10,0,,,,,,6,16,64020100,Δ.Δ.Γαλατίστης,14112,11001,,202,ΠΟΛΥΓΥΡΟΣ,0,no alternative,ΧΑΛΚΙΔΙΚΗΣ
356,,30/08/11,1,6,3,3,,,,,19,28,64020100,Δ.Δ.Γαλατίστης,14112,11002,,202,ΠΟΛΥΓΥΡΟΣ,0,no alternative,ΧΑΛΚΙΔΙΚΗΣ
357,,30/09/11,1,12,22,8,,,,14,22,56,64020100,Δ.Δ.Γαλατίστης,14112,11003,,202,ΠΟΛΥΓΥΡΟΣ,0,no alternative,ΧΑΛΚΙΔΙΚΗΣ
358,,30/10/11,1,17,76,2,,,,74,36,129,64020100,Δ.Δ.Γαλατίστης,14112,11004,,202,ΠΟΛΥΓΥΡΟΣ,0,no alternative,ΧΑΛΚΙΔΙΚΗΣ
359,,30/07/11,2,6,3,3,,,,,5,14,64020100,Δ.Δ.Γαλατίστης,14112,11005,,202,ΠΟΛΥΓΥΡΟΣ,0,no alternative,ΧΑΛΚΙΔΙΚΗΣ
360,,30/08/11,2,10,12,7,,,2,3,14,36,64020100,Δ.Δ.Γαλατίστης,14112,11006,,202,ΠΟΛΥΓΥΡΟΣ,0,no alternative,ΧΑΛΚΙΔΙΚΗΣ
361,,30/09/11,2,12,24,10,,,4,10,12,48,64020100,Δ.Δ.Γαλατίστης,14112,11007,,202,ΠΟΛΥΓΥΡΟΣ,0,no alternative,ΧΑΛΚΙΔΙΚΗΣ
362,,30/10/11,2,22,60,2,,,2,56,21,103,64020100,Δ.Δ.Γαλατίστης,14112,11008,,202,ΠΟΛΥΓΥΡΟΣ,0,no alternative,ΧΑΛΚΙΔΙΚΗΣ
363,,30/07/11,1,9,2,2,,,,,2,13,64100100,Δ.Δ.Μεγάλης Παναγίας,14254,11009,,202,ΠΟΛΥΓΥΡΟΣ,0,no alternative,ΧΑΛΚΙΔΙΚΗΣ
364,,30/08/11,1,8,32,,,,8,24,24,64,64100100,Δ.Δ.Μεγάλης Παναγίας,14254,11010,,202,ΠΟΛΥΓΥΡΟΣ,0,no alternative,ΧΑΛΚΙΔΙΚΗΣ
365,,30/09/11,1,21,82,19,,,22,41,29,132,64100100,Δ.Δ.Μεγάλης Παναγίας,14254,11011,,202,ΠΟΛΥΓΥΡΟΣ,0,no alternative,ΧΑΛΚΙΔΙΚΗΣ
366,,30/10/11,1,27,169,19,,,23,127,65,261,64100100,Δ.Δ.Μεγάλης Παναγίας,14254,11012,,202,ΠΟΛΥΓΥΡΟΣ,0,no alternative,ΧΑΛΚΙΔΙΚΗΣ
367,,30/07/11,2,6,0,,,,,,6,12,64100100,Δ.Δ.Μεγάλης Παναγίας,14254,11013,,202,ΠΟΛΥΓΥΡΟΣ,0,no alternative,ΧΑΛΚΙΔΙΚΗΣ
368,,30/08/11,2,15,4,4,,,,,8,27,64100100,Δ.Δ.Μεγάλης Παναγίας,14254,11014,,202,ΠΟΛΥΓΥΡΟΣ,0,no alternative,ΧΑΛΚΙΔΙΚΗΣ
369,,30/09/11,2,19,38,17,,,4,17,21,78,64100100,Δ.Δ.Μεγάλης Παναγίας,14254,11015,,202,ΠΟΛΥΓΥΡΟΣ,0,no alternative,ΧΑΛΚΙΔΙΚΗΣ
370,,30/10/11,2,19,153,14,,,14,125,38,210,64100100,Δ.Δ.Μεγάλης Παναγίας,14254,11016,,202,ΠΟΛΥΓΥΡΟΣ,0,no alternative,ΧΑΛΚΙΔΙΚΗΣ
371,,30/07/11,1,64,0,,,,,,5,69,64110400,Δ.Δ.Νέου Μαρμαρά,14287,11017,,141,ΜΑΡΜΑΡΑΣ,235,ΣΤΡΑΤΩΝΙ,ΧΑΛΚΙΔΙΚΗΣ
372,,30/08/11,1,73,52,8,11,,3,30,47,172,64110400,Δ.Δ.Νέου Μαρμαρά,14287,11018,,141,ΜΑΡΜΑΡΑΣ,235,ΣΤΡΑΤΩΝΙ,ΧΑΛΚΙΔΙΚΗΣ
373,,30/09/11,1,66,225,57,50,,51,67,47,338,64110400,Δ.Δ.Νέου Μαρμαρά,14287,11019,,141,ΜΑΡΜΑΡΑΣ,235,ΣΤΡΑΤΩΝΙ,ΧΑΛΚΙΔΙΚΗΣ
374,,30/10/11,1,88,278,47,70,,73,88,99,465,64110400,Δ.Δ.Νέου Μαρμαρά,14287,11020,,141,ΜΑΡΜΑΡΑΣ,235,ΣΤΡΑΤΩΝΙ,ΧΑΛΚΙΔΙΚΗΣ
375,,30/07/11,2,43,9,,9,,,,47,99,64110400,Δ.Δ.Νέου Μαρμαρά,14287,11021,,141,ΜΑΡΜΑΡΑΣ,235,ΣΤΡΑΤΩΝΙ,ΧΑΛΚΙΔΙΚΗΣ
376,,30/08/11,2,55,99,14,21,,31,33,40,194,64110400,Δ.Δ.Νέου Μαρμαρά,14287,11022,,141,ΜΑΡΜΑΡΑΣ,235,ΣΤΡΑΤΩΝΙ,ΧΑΛΚΙΔΙΚΗΣ
377,,30/09/11,2,63,269,51,65,,72,81,43,375,64110400,Δ.Δ.Νέου Μαρμαρά,14287,11023,,141,ΜΑΡΜΑΡΑΣ,235,ΣΤΡΑΤΩΝΙ,ΧΑΛΚΙΔΙΚΗΣ
378,,30/10/11,2,98,310,76,73,,69,92,92,500,64110400,Δ.Δ.Νέου Μαρμαρά,14287,11024,,141,ΜΑΡΜΑΡΑΣ,235,ΣΤΡΑΤΩΝΙ,ΧΑΛΚΙΔΙΚΗΣ
379,,30/07/11,1,43,12,4,8,,,,88,143,64100300,Δ.Δ.Πυργαδικίων,14260,11025,,141,ΜΑΡΜΑΡΑΣ,235,ΣΤΡΑΤΩΝΙ,ΧΑΛΚΙΔΙΚΗΣ
380,,30/08/11,1,51,48,6,10,,3,29,67,166,64100300,Δ.Δ.Πυργαδικίων,14260,11026,,141,ΜΑΡΜΑΡΑΣ,235,ΣΤΡΑΤΩΝΙ,ΧΑΛΚΙΔΙΚΗΣ
381,,30/09/11,1,70,236,41,60,,60,75,62,368,64100300,Δ.Δ.Πυργαδικίων,14260,11027,,141,ΜΑΡΜΑΡΑΣ,235,ΣΤΡΑΤΩΝΙ,ΧΑΛΚΙΔΙΚΗΣ
382,,30/10/11,1,80,266,59,66,,70,71,74,420,64100300,Δ.Δ.Πυργαδικίων,14260,11028,,141,ΜΑΡΜΑΡΑΣ,235,ΣΤΡΑΤΩΝΙ,ΧΑΛΚΙΔΙΚΗΣ
383,,30/07/11,1,32,0,,,,,,103,135,64130100,Δ.Δ.Συκέας,14326,11029,,141,ΜΑΡΜΑΡΑΣ,235,ΣΤΡΑΤΩΝΙ,ΧΑΛΚΙΔΙΚΗΣ
384,,30/08/11,1,8,72,30,2,,19,21,96,176,64130100,Δ.Δ.Συκέας,14326,11030,,141,ΜΑΡΜΑΡΑΣ,235,ΣΤΡΑΤΩΝΙ,ΧΑΛΚΙΔΙΚΗΣ
385,,30/09/11,1,11,93,36,4,,30,23,99,203,64130100,Δ.Δ.Συκέας,14326,11031,,141,ΜΑΡΜΑΡΑΣ,235,ΣΤΡΑΤΩΝΙ,ΧΑΛΚΙΔΙΚΗΣ
386,,30/10/11,1,13,193,19,3,,48,123,104,310,64130100,Δ.Δ.Συκέας,14326,11032,,141,ΜΑΡΜΑΡΑΣ,235,ΣΤΡΑΤΩΝΙ,ΧΑΛΚΙΔΙΚΗΣ
387,,30/07/11,1,16,0,,,,,,70,86,64130105,Πόρτο Κουφό,14331,11033,,141,ΜΑΡΜΑΡΑΣ,235,ΣΤΡΑΤΩΝΙ,ΧΑΛΚΙΔΙΚΗΣ
388,,30/08/11,1,11,17,15,,,,2,130,158,64130105,Πόρτο Κουφό,14331,11034,,141,ΜΑΡΜΑΡΑΣ,235,ΣΤΡΑΤΩΝΙ,ΧΑΛΚΙΔΙΚΗΣ
389,,30/09/11,1,12,33,23,,,,10,154,199,64130105,Πόρτο Κουφό,14331,11035,,141,ΜΑΡΜΑΡΑΣ,235,ΣΤΡΑΤΩΝΙ,ΧΑΛΚΙΔΙΚΗΣ
390,,30/10/11,1,12,56,14,1,,21,20,165,233,64130105,Πόρτο Κουφό,14331,11036,,141,ΜΑΡΜΑΡΑΣ,235,ΣΤΡΑΤΩΝΙ,ΧΑΛΚΙΔΙΚΗΣ
391,,30/07/11,1,27,5,5,,,,,58,90,64130200,Δ.Δ.Σάρτης,14336,11037,,141,ΜΑΡΜΑΡΑΣ,235,ΣΤΡΑΤΩΝΙ,ΧΑΛΚΙΔΙΚΗΣ
392,,30/08/11,1,20,34,28,,,,6,76,130,64130200,Δ.Δ.Σάρτης,14336,11038,,141,ΜΑΡΜΑΡΑΣ,235,ΣΤΡΑΤΩΝΙ,ΧΑΛΚΙΔΙΚΗΣ
393,,30/09/11,1,19,75,30,,,38,7,78,172,64130200,Δ.Δ.Σάρτης,14336,11039,,141,ΜΑΡΜΑΡΑΣ,235,ΣΤΡΑΤΩΝΙ,ΧΑΛΚΙΔΙΚΗΣ
394,,30/10/11,1,32,97,12,26,,31,28,128,257,64130200,Δ.Δ.Σάρτης,14336,11040,,141,ΜΑΡΜΑΡΑΣ,235,ΣΤΡΑΤΩΝΙ,ΧΑΛΚΙΔΙΚΗΣ
395,,30/07/12,1,10,0,,,,,,0,10,64100200,Δ.Δ.Γοματίου,14256,12001,,202,ΠΟΛΥΓΥΡΟΣ,235,ΣΤΡΑΤΩΝΙ,ΧΑΛΚΙΔΙΚΗΣ
396,,30/08/12,1,12,10,5,,5,,,14,36,64100200,Δ.Δ.Γοματίου,14256,12002,,202,ΠΟΛΥΓΥΡΟΣ,235,ΣΤΡΑΤΩΝΙ,ΧΑΛΚΙΔΙΚΗΣ
397,,30/09/12,1,14,13,8,,5,,,19,46,64100200,Δ.Δ.Γοματίου,14256,12003,,202,ΠΟΛΥΓΥΡΟΣ,235,ΣΤΡΑΤΩΝΙ,ΧΑΛΚΙΔΙΚΗΣ
398,,30/10/12,1,12,27,12,,5,,10,12,51,64100200,Δ.Δ.Γοματίου,14256,12004,,202,ΠΟΛΥΓΥΡΟΣ,235,ΣΤΡΑΤΩΝΙ,ΧΑΛΚΙΔΙΚΗΣ
399,,30/07/12,2,8,0,,,,,,12,20,64100200,Δ.Δ.Γοματίου,14256,12005,,202,ΠΟΛΥΓΥΡΟΣ,235,ΣΤΡΑΤΩΝΙ,ΧΑΛΚΙΔΙΚΗΣ
400,,30/08/12,2,11,30,12,8,,,10,14,55,64100200,Δ.Δ.Γοματίου,14256,12006,,202,ΠΟΛΥΓΥΡΟΣ,235,ΣΤΡΑΤΩΝΙ,ΧΑΛΚΙΔΙΚΗΣ
401,,30/09/12,2,12,30,5,5,5,5,10,16,58,64100200,Δ.Δ.Γοματίου,14256,12007,,202,ΠΟΛΥΓΥΡΟΣ,235,ΣΤΡΑΤΩΝΙ,ΧΑΛΚΙΔΙΚΗΣ
402,,30/10/12,2,12,36,,5,5,5,21,17,65,64100200,Δ.Δ.Γοματίου,14256,12008,,202,ΠΟΛΥΓΥΡΟΣ,235,ΣΤΡΑΤΩΝΙ,ΧΑΛΚΙΔΙΚΗΣ
403,,30/07/12,1,5,0,,,,,,0,5,64020100,Δ.Δ.Γαλατίστης,14112,12009,,202,ΠΟΛΥΓΥΡΟΣ,0,no alternative,ΧΑΛΚΙΔΙΚΗΣ
404,,30/08/12,1,5,0,,,,,,0,5,64020100,Δ.Δ.Γαλατίστης,14112,12010,,202,ΠΟΛΥΓΥΡΟΣ,0,no alternative,ΧΑΛΚΙΔΙΚΗΣ
405,,30/09/12,1,5,5,,5,,,,3,13,64020100,Δ.Δ.Γαλατίστης,14112,12011,,202,ΠΟΛΥΓΥΡΟΣ,0,no alternative,ΧΑΛΚΙΔΙΚΗΣ
406,,30/10/12,1,5,5,,,,,5,3,13,64020100,Δ.Δ.Γαλατίστης,14112,12012,,202,ΠΟΛΥΓΥΡΟΣ,0,no alternative,ΧΑΛΚΙΔΙΚΗΣ
407,,30/07/12,2,5,0,,,,,,0,5,64020100,Δ.Δ.Γαλατίστης,14112,12013,,202,ΠΟΛΥΓΥΡΟΣ,0,no alternative,ΧΑΛΚΙΔΙΚΗΣ
408,,30/08/12,2,5,0,,,,,,0,5,64020100,Δ.Δ.Γαλατίστης,14112,12014,,202,ΠΟΛΥΓΥΡΟΣ,0,no alternative,ΧΑΛΚΙΔΙΚΗΣ
409,,30/09/12,2,5,5,,,5,,,5,15,64020100,Δ.Δ.Γαλατίστης,14112,12015,,202,ΠΟΛΥΓΥΡΟΣ,0,no alternative,ΧΑΛΚΙΔΙΚΗΣ
410,,30/10/12,2,5,10,,,5,,5,6,21,64020100,Δ.Δ.Γαλατίστης,14112,12016,,202,ΠΟΛΥΓΥΡΟΣ,0,no alternative,ΧΑΛΚΙΔΙΚΗΣ
411,,30/07/12,1,5,5,5,,,,,0,10,64100300,Δ.Δ.Πυργαδικίων,14260,12017,,141,ΜΑΡΜΑΡΑΣ,235,ΣΤΡΑΤΩΝΙ,ΧΑΛΚΙΔΙΚΗΣ
412,,30/08/12,1,,20,5,10,5,,,10,30,64100300,Δ.Δ.Πυργαδικίων,14260,12018,,141,ΜΑΡΜΑΡΑΣ,235,ΣΤΡΑΤΩΝΙ,ΧΑΛΚΙΔΙΚΗΣ
413,,30/09/12,1,5,25,,10,10,,5,10,40,64100300,Δ.Δ.Πυργαδικίων,14260,12019,,141,ΜΑΡΜΑΡΑΣ,235,ΣΤΡΑΤΩΝΙ,ΧΑΛΚΙΔΙΚΗΣ
414,,30/10/12,1,5,34,,,14,10,10,14,53,64100300,Δ.Δ.Πυργαδικίων,14260,12020,,141,ΜΑΡΜΑΡΑΣ,235,ΣΤΡΑΤΩΝΙ,ΧΑΛΚΙΔΙΚΗΣ
415,,30/07/12,1,,0,,,,,,5,5,64090400,Δ.Δ.Παλιουρίου,14243,12021,,96,ΚΑΣΣΑΝΔΡΕΙΑ,235,ΣΤΡΑΤΩΝΙ,ΧΑΛΚΙΔΙΚΗΣ
416,,30/08/12,1,,20,10,10,,,,10,30,64090400,Δ.Δ.Παλιουρίου,14243,12022,,96,ΚΑΣΣΑΝΔΡΕΙΑ,235,ΣΤΡΑΤΩΝΙ,ΧΑΛΚΙΔΙΚΗΣ
417,,30/09/12,1,5,29,,14,5,,10,10,44,64090400,Δ.Δ.Παλιουρίου,14243,12023,,96,ΚΑΣΣΑΝΔΡΕΙΑ,235,ΣΤΡΑΤΩΝΙ,ΧΑΛΚΙΔΙΚΗΣ
418,,30/10/12,1,10,38,,,10,14,14,14,62,64090400,Δ.Δ.Παλιουρίου,14243,12024,,96,ΚΑΣΣΑΝΔΡΕΙΑ,235,ΣΤΡΑΤΩΝΙ,ΧΑΛΚΙΔΙΚΗΣ
419,,30/07/12,1,5,0,,,,,,0,5,64090200,Δ.Δ.Αγίας Παρασκευής,14237,12025,,96,ΚΑΣΣΑΝΔΡΕΙΑ,235,ΣΤΡΑΤΩΝΙ,ΧΑΛΚΙΔΙΚΗΣ
420,,30/08/12,1,10,5,5,,,,,0,15,64090200,Δ.Δ.Αγίας Παρασκευής,14237,12026,,96,ΚΑΣΣΑΝΔΡΕΙΑ,235,ΣΤΡΑΤΩΝΙ,ΧΑΛΚΙΔΙΚΗΣ
421,,30/09/12,1,10,18,,,,8,10,10,38,64090200,Δ.Δ.Αγίας Παρασκευής,14237,12027,,96,ΚΑΣΣΑΝΔΡΕΙΑ,235,ΣΤΡΑΤΩΝΙ,ΧΑΛΚΙΔΙΚΗΣ
422,,30/10/12,1,10,33,,,12,10,11,19,62,64090200,Δ.Δ.Αγίας Παρασκευής,14237,12028,,96,ΚΑΣΣΑΝΔΡΕΙΑ,235,ΣΤΡΑΤΩΝΙ,ΧΑΛΚΙΔΙΚΗΣ
423,,30/07/12,1,8,6,6,,,,,5,19,64130200,Δ.Δ.Σάρτης,14336,12029,,141,ΜΑΡΜΑΡΑΣ,235,ΣΤΡΑΤΩΝΙ,ΧΑΛΚΙΔΙΚΗΣ
424,,30/08/12,1,12,19,8,11,,,,29,60,64130200,Δ.Δ.Σάρτης,14336,12030,,141,ΜΑΡΜΑΡΑΣ,235,ΣΤΡΑΤΩΝΙ,ΧΑΛΚΙΔΙΚΗΣ
425,,30/09/12,1,10,54,,21,17,11,5,53,117,64130200,Δ.Δ.Σάρτης,14336,12031,,141,ΜΑΡΜΑΡΑΣ,235,ΣΤΡΑΤΩΝΙ,ΧΑΛΚΙΔΙΚΗΣ
426,,30/10/12,1,5,87,,,24,24,39,59,151,64130200,Δ.Δ.Σάρτης,14336,12032,,141,ΜΑΡΜΑΡΑΣ,235,ΣΤΡΑΤΩΝΙ,ΧΑΛΚΙΔΙΚΗΣ
427,,30/07/12,1,,0,,,,,,6,6,64130100,Δ.Δ.Συκέας,14326,12033,,141,ΜΑΡΜΑΡΑΣ,235,ΣΤΡΑΤΩΝΙ,ΧΑΛΚΙΔΙΚΗΣ
428,,30/08/12,1,9,5,5,,,,,14,28,64130100,Δ.Δ.Συκέας,14326,12034,,141,ΜΑΡΜΑΡΑΣ,235,ΣΤΡΑΤΩΝΙ,ΧΑΛΚΙΔΙΚΗΣ
429,,30/09/12,1,10,10,10,,,,,29,49,64130100,Δ.Δ.Συκέας,14326,12035,,141,ΜΑΡΜΑΡΑΣ,235,ΣΤΡΑΤΩΝΙ,ΧΑΛΚΙΔΙΚΗΣ
430,,30/10/12,1,8,35,,,12,9,14,43,86,64130100,Δ.Δ.Συκέας,14326,12036,,141,ΜΑΡΜΑΡΑΣ,235,ΣΤΡΑΤΩΝΙ,ΧΑΛΚΙΔΙΚΗΣ
431,,30/07/12,1,,0,,,,,,10,10,64130105,Πόρτο Κουφό,14331,12037,,141,ΜΑΡΜΑΡΑΣ,235,ΣΤΡΑΤΩΝΙ,ΧΑΛΚΙΔΙΚΗΣ
432,,30/08/12,1,9,8,,8,,,,17,34,64130105,Πόρτο Κουφό,14331,12038,,141,ΜΑΡΜΑΡΑΣ,235,ΣΤΡΑΤΩΝΙ,ΧΑΛΚΙΔΙΚΗΣ
433,,30/09/12,1,8,10,10,,,,,31,49,64130105,Πόρτο Κουφό,14331,12039,,141,ΜΑΡΜΑΡΑΣ,235,ΣΤΡΑΤΩΝΙ,ΧΑΛΚΙΔΙΚΗΣ
434,,30/10/12,1,5,42,10,,8,12,12,36,83,64130105,Πόρτο Κουφό,14331,12040,,141,ΜΑΡΜΑΡΑΣ,235,ΣΤΡΑΤΩΝΙ,ΧΑΛΚΙΔΙΚΗΣ
435,,30/07/12,1,,0,,,,,,6,6,64100100,Δ.Δ.Μεγάλης Παναγίας,14254,12041,,202,ΠΟΛΥΓΥΡΟΣ,0,no alternative,ΧΑΛΚΙΔΙΚΗΣ
436,,30/08/12,1,5,5,,5,,,,6,16,64100100,Δ.Δ.Μεγάλης Παναγίας,14254,12042,,202,ΠΟΛΥΓΥΡΟΣ,0,no alternative,ΧΑΛΚΙΔΙΚΗΣ
437,,30/09/12,1,5,13,,6,7,,,9,27,64100100,Δ.Δ.Μεγάλης Παναγίας,14254,12043,,202,ΠΟΛΥΓΥΡΟΣ,0,no alternative,ΧΑΛΚΙΔΙΚΗΣ
438,,30/10/12,1,5,23,,,5,8,10,10,38,64100100,Δ.Δ.Μεγάλης Παναγίας,14254,12044,,202,ΠΟΛΥΓΥΡΟΣ,0,no alternative,ΧΑΛΚΙΔΙΚΗΣ
439,,30/07/12,2,,0,,,,,,8,8,64100100,Δ.Δ.Μεγάλης Παναγίας,14254,12045,,202,ΠΟΛΥΓΥΡΟΣ,0,no alternative,ΧΑΛΚΙΔΙΚΗΣ
440,,30/08/12,2,6,12,5,7,,,,8,26,64100100,Δ.Δ.Μεγάλης Παναγίας,14254,12046,,202,ΠΟΛΥΓΥΡΟΣ,0,no alternative,ΧΑΛΚΙΔΙΚΗΣ
441,,30/09/12,2,6,14,,6,,8,,10,30,64100100,Δ.Δ.Μεγάλης Παναγίας,14254,12047,,202,ΠΟΛΥΓΥΡΟΣ,0,no alternative,ΧΑΛΚΙΔΙΚΗΣ
442,,30/10/12,2,6,17,,,,5,12,11,34,64100100,Δ.Δ.Μεγάλης Παναγίας,14254,12048,,202,ΠΟΛΥΓΥΡΟΣ,0,no alternative,ΧΑΛΚΙΔΙΚΗΣ
443,,30/07/12,1,5,0,,,,,,8,13,64120300,Δ.Δ.Νέων Ρόδων,14309,12049,,235,ΣΤΡΑΤΩΝΙ,0,no alternative,ΧΑΛΚΙΔΙΚΗΣ
444,,30/08/12,1,7,5,5,,,,,10,22,64120300,Δ.Δ.Νέων Ρόδων,14309,12050,,235,ΣΤΡΑΤΩΝΙ,0,no alternative,ΧΑΛΚΙΔΙΚΗΣ
445,,30/09/12,1,9,28,,5,6,8,9,12,49,64120300,Δ.Δ.Νέων Ρόδων,14309,12051,,235,ΣΤΡΑΤΩΝΙ,0,no alternative,ΧΑΛΚΙΔΙΚΗΣ
446,,30/10/12,1,5,34,,7,8,5,14,18,57,64120300,Δ.Δ.Νέων Ρόδων,14309,12052,,235,ΣΤΡΑΤΩΝΙ,0,no alternative,ΧΑΛΚΙΔΙΚΗΣ
447,,30/07/12,1,8,0,,,,,,12,20,64120500,Δ.Δ.Ουρανοπόλεως,14315,12053,,235,ΣΤΡΑΤΩΝΙ,141,ΜΑΡΜΑΡΑΣ,ΧΑΛΚΙΔΙΚΗΣ
448,,30/08/12,1,7,13,5,,8,,,12,32,64120500,Δ.Δ.Ουρανοπόλεως,14315,12054,,235,ΣΤΡΑΤΩΝΙ,141,ΜΑΡΜΑΡΑΣ,ΧΑΛΚΙΔΙΚΗΣ
449,,30/09/12,1,6,31,,,8,11,12,14,51,64120500,Δ.Δ.Ουρανοπόλεως,14315,12055,,235,ΣΤΡΑΤΩΝΙ,141,ΜΑΡΜΑΡΑΣ,ΧΑΛΚΙΔΙΚΗΣ
450,,30/10/12,1,9,38,,,9,10,19,21,68,64120500,Δ.Δ.Ουρανοπόλεως,14315,12056,,235,ΣΤΡΑΤΩΝΙ,141,ΜΑΡΜΑΡΑΣ,ΧΑΛΚΙΔΙΚΗΣ
451,,30/07/12,1,24,0,,,,,,33,57,64120100,Δ.Δ.Ιερισσού,14298,12057,,235,ΣΤΡΑΤΩΝΙ,0,no alternative,ΧΑΛΚΙΔΙΚΗΣ
452,,30/08/12,1,19,30,11,19,,,,24,73,64120100,Δ.Δ.Ιερισσού,14298,12058,,235,ΣΤΡΑΤΩΝΙ,0,no alternative,ΧΑΛΚΙΔΙΚΗΣ
453,,30/09/12,1,36,38,,8,11,,19,34,108,64120100,Δ.Δ.Ιερισσού,14298,12059,,235,ΣΤΡΑΤΩΝΙ,0,no alternative,ΧΑΛΚΙΔΙΚΗΣ
454,,30/10/12,1,,154,,11,9,28,106,19,173,64120100,Δ.Δ.Ιερισσού,14298,12060,,235,ΣΤΡΑΤΩΝΙ,0,no alternative,ΧΑΛΚΙΔΙΚΗΣ
455,,30/07/12,1,5,0,,,,,,10,15,64110400,Δ.Δ.Νέου Μαρμαρά,14287,12061,,141,ΜΑΡΜΑΡΑΣ,235,ΣΤΡΑΤΩΝΙ,ΧΑΛΚΙΔΙΚΗΣ
456,,30/08/12,1,6,16,6,5,5,,,12,34,64110400,Δ.Δ.Νέου Μαρμαρά,14287,12062,,141,ΜΑΡΜΑΡΑΣ,235,ΣΤΡΑΤΩΝΙ,ΧΑΛΚΙΔΙΚΗΣ
457,,30/09/12,1,10,34,,8,,12,14,17,61,64110400,Δ.Δ.Νέου Μαρμαρά,14287,12063,,141,ΜΑΡΜΑΡΑΣ,235,ΣΤΡΑΤΩΝΙ,ΧΑΛΚΙΔΙΚΗΣ
458,,30/10/12,1,8,38,,,6,11,21,24,70,64110400,Δ.Δ.Νέου Μαρμαρά,14287,12064,,141,ΜΑΡΜΑΡΑΣ,235,ΣΤΡΑΤΩΝΙ,ΧΑΛΚΙΔΙΚΗΣ
459,,30/07/12,2,8,1,1,,,,,11,20,64110400,Δ.Δ.Νέου Μαρμαρά,14287,12065,,141,ΜΑΡΜΑΡΑΣ,235,ΣΤΡΑΤΩΝΙ,ΧΑΛΚΙΔΙΚΗΣ
460,,30/08/12,2,8,19,5,6,8,,,12,39,64110400,Δ.Δ.Νέου Μαρμαρά,14287,12066,,141,ΜΑΡΜΑΡΑΣ,235,ΣΤΡΑΤΩΝΙ,ΧΑΛΚΙΔΙΚΗΣ
461,,30/09/12,2,12,39,,,7,14,18,19,70,64110400,Δ.Δ.Νέου Μαρμαρά,14287,12067,,141,ΜΑΡΜΑΡΑΣ,235,ΣΤΡΑΤΩΝΙ,ΧΑΛΚΙΔΙΚΗΣ
462,,30/10/12,2,7,44,,,8,12,24,28,79,64110400,Δ.Δ.Νέου Μαρμαρά,14287,12068,,141,ΜΑΡΜΑΡΑΣ,235,ΣΤΡΑΤΩΝΙ,ΧΑΛΚΙΔΙΚΗΣ
463,,30/07/12,1,6,0,,,,,,5,11,64110100,Δ.Δ.Νικήτης (Νικήτα),14265,12069,,141,ΜΑΡΜΑΡΑΣ,235,ΣΤΡΑΤΩΝΙ,ΧΑΛΚΙΔΙΚΗΣ
464,,30/08/12,1,8,12,,6,6,,,8,28,64110100,Δ.Δ.Νικήτης (Νικήτα),14265,12070,,141,ΜΑΡΜΑΡΑΣ,235,ΣΤΡΑΤΩΝΙ,ΧΑΛΚΙΔΙΚΗΣ
465,,30/09/12,1,8,15,,,5,5,5,10,33,64110100,Δ.Δ.Νικήτης (Νικήτα),14265,12071,,141,ΜΑΡΜΑΡΑΣ,235,ΣΤΡΑΤΩΝΙ,ΧΑΛΚΙΔΙΚΗΣ
466,,30/10/12,1,7,16,,,5,5,6,14,37,64110100,Δ.Δ.Νικήτης (Νικήτα),14265,12072,,141,ΜΑΡΜΑΡΑΣ,235,ΣΤΡΑΤΩΝΙ,ΧΑΛΚΙΔΙΚΗΣ
467,,30/07/12,2,,0,,,,,,6,6,64110100,Δ.Δ.Νικήτης (Νικήτα),14265,12073,,141,ΜΑΡΜΑΡΑΣ,235,ΣΤΡΑΤΩΝΙ,ΧΑΛΚΙΔΙΚΗΣ
468,,30/08/12,2,5,11,5,,6,,,6,22,64110100,Δ.Δ.Νικήτης (Νικήτα),14265,12074,,141,ΜΑΡΜΑΡΑΣ,235,ΣΤΡΑΤΩΝΙ,ΧΑΛΚΙΔΙΚΗΣ
469,,30/09/12,2,5,15,,5,,5,5,8,28,64110100,Δ.Δ.Νικήτης (Νικήτα),14265,12075,,141,ΜΑΡΜΑΡΑΣ,235,ΣΤΡΑΤΩΝΙ,ΧΑΛΚΙΔΙΚΗΣ
470,,30/10/12,2,6,16,,,8,,8,12,34,64110100,Δ.Δ.Νικήτης (Νικήτα),14265,12076,,141,ΜΑΡΜΑΡΑΣ,235,ΣΤΡΑΤΩΝΙ,ΧΑΛΚΙΔΙΚΗΣ
471,,30/07/12,3,5,0,,,,,,5,10,64110100,Δ.Δ.Νικήτης (Νικήτα),14265,12077,,141,ΜΑΡΜΑΡΑΣ,235,ΣΤΡΑΤΩΝΙ,ΧΑΛΚΙΔΙΚΗΣ
472,,30/08/12,3,,6,,,6,,,5,11,64110100,Δ.Δ.Νικήτης (Νικήτα),14265,12078,,141,ΜΑΡΜΑΡΑΣ,235,ΣΤΡΑΤΩΝΙ,ΧΑΛΚΙΔΙΚΗΣ
473,,30/09/12,3,5,11,,,6,,5,10,26,64110100,Δ.Δ.Νικήτης (Νικήτα),14265,12079,,141,ΜΑΡΜΑΡΑΣ,235,ΣΤΡΑΤΩΝΙ,ΧΑΛΚΙΔΙΚΗΣ
474,,30/10/12,3,5,18,,,8,5,5,11,34,64110100,Δ.Δ.Νικήτης (Νικήτα),14265,12080,,141,ΜΑΡΜΑΡΑΣ,235,ΣΤΡΑΤΩΝΙ,ΧΑΛΚΙΔΙΚΗΣ
475,,30/07/12,4,,0,,,,,,5,5,64110100,Δ.Δ.Νικήτης (Νικήτα),14265,12081,,141,ΜΑΡΜΑΡΑΣ,235,ΣΤΡΑΤΩΝΙ,ΧΑΛΚΙΔΙΚΗΣ
476,,30/08/12,4,6,5,5,,,,,8,19,64110100,Δ.Δ.Νικήτης (Νικήτα),14265,12082,,141,ΜΑΡΜΑΡΑΣ,235,ΣΤΡΑΤΩΝΙ,ΧΑΛΚΙΔΙΚΗΣ
477,,30/09/12,4,7,18,,,5,8,5,8,33,64110100,Δ.Δ.Νικήτης (Νικήτα),14265,12083,,141,ΜΑΡΜΑΡΑΣ,235,ΣΤΡΑΤΩΝΙ,ΧΑΛΚΙΔΙΚΗΣ
478,,30/10/12,4,6,21,,,5,8,8,12,39,64110100,Δ.Δ.Νικήτης (Νικήτα),14265,12084,,141,ΜΑΡΜΑΡΑΣ,235,ΣΤΡΑΤΩΝΙ,ΧΑΛΚΙΔΙΚΗΣ
479,,30/08/13,1,19,164,10,,48,10,96,77,260,64100100,Δ.Δ.Μεγάλης Παναγίας,14254,13001,,202,ΠΟΛΥΓΥΡΟΣ,0,no alternative,ΧΑΛΚΙΔΙΚΗΣ
480,,30/09/13,1,67,144,10,19,29,38,48,77,288,64100100,Δ.Δ.Μεγάλης Παναγίας,14254,13002,,202,ΠΟΛΥΓΥΡΟΣ,0,no alternative,ΧΑΛΚΙΔΙΚΗΣ
481,,30/10/13,1,29,182,,38,38,48,58,115,326,64100100,Δ.Δ.Μεγάλης Παναγίας,14254,13003,,202,ΠΟΛΥΓΥΡΟΣ,0,no alternative,ΧΑΛΚΙΔΙΚΗΣ
482,,30/08/13,2,29,155,10,,58,10,77,115,299,64100100,Δ.Δ.Μεγάλης Παναγίας,14254,13004,,202,ΠΟΛΥΓΥΡΟΣ,0,no alternative,ΧΑΛΚΙΔΙΚΗΣ
483,,30/09/13,2,58,154,10,19,29,48,48,144,356,64100100,Δ.Δ.Μεγάλης Παναγίας,14254,13005,,202,ΠΟΛΥΓΥΡΟΣ,0,no alternative,ΧΑΛΚΙΔΙΚΗΣ
484,,30/10/13,2,29,202,19,29,29,67,58,106,337,64100100,Δ.Δ.Μεγάλης Παναγίας,14254,13006,,202,ΠΟΛΥΓΥΡΟΣ,0,no alternative,ΧΑΛΚΙΔΙΚΗΣ
485,,30/08/13,1,38,241,10,29,58,19,125,211,490,64120100,Δ.Δ.Ιερισσού,14298,13007,,235,ΣΤΡΑΤΩΝΙ,0,no alternative,ΧΑΛΚΙΔΙΚΗΣ
486,,30/09/13,1,29,221,10,38,58,38,77,144,394,64120100,Δ.Δ.Ιερισσού,14298,13008,,235,ΣΤΡΑΤΩΝΙ,0,no alternative,ΧΑΛΚΙΔΙΚΗΣ
487,,30/10/13,1,58,268,19,38,77,67,67,154,480,64120100,Δ.Δ.Ιερισσού,14298,13009,,235,ΣΤΡΑΤΩΝΙ,0,no alternative,ΧΑΛΚΙΔΙΚΗΣ
488,,30/08/13,1,19,182,19,77,38,19,29,134,335,64100200,Δ.Δ.Γοματίου,14256,13010,,202,ΠΟΛΥΓΥΡΟΣ,235,ΣΤΡΑΤΩΝΙ,ΧΑΛΚΙΔΙΚΗΣ
489,,30/09/13,1,19,202,29,19,29,67,58,115,336,64100200,Δ.Δ.Γοματίου,14256,13011,,202,ΠΟΛΥΓΥΡΟΣ,235,ΣΤΡΑΤΩΝΙ,ΧΑΛΚΙΔΙΚΗΣ
490,,30/10/13,1,29,231,10,29,48,77,67,106,366,64100200,Δ.Δ.Γοματίου,14256,13012,,202,ΠΟΛΥΓΥΡΟΣ,235,ΣΤΡΑΤΩΝΙ,ΧΑΛΚΙΔΙΚΗΣ
491,,30/08/13,2,48,96,19,,48,,29,221,365,64100200,Δ.Δ.Γοματίου,14256,13013,,202,ΠΟΛΥΓΥΡΟΣ,235,ΣΤΡΑΤΩΝΙ,ΧΑΛΚΙΔΙΚΗΣ
492,,30/09/13,2,48,183,29,10,38,48,58,125,356,64100200,Δ.Δ.Γοματίου,14256,13014,,202,ΠΟΛΥΓΥΡΟΣ,235,ΣΤΡΑΤΩΝΙ,ΧΑΛΚΙΔΙΚΗΣ
493,,30/10/13,2,19,241,10,19,58,77,77,125,385,64100200,Δ.Δ.Γοματίου,14256,13015,,202,ΠΟΛΥΓΥΡΟΣ,235,ΣΤΡΑΤΩΝΙ,ΧΑΛΚΙΔΙΚΗΣ
494,,30/08/13,1,58,135,10,38,29,10,48,96,289,64120500,Δ.Δ.Ουρανοπόλεως,14315,13016,,235,ΣΤΡΑΤΩΝΙ,141,ΜΑΡΜΑΡΑΣ,ΧΑΛΚΙΔΙΚΗΣ
495,,30/09/13,1,58,173,19,10,10,115,19,96,327,64120500,Δ.Δ.Ουρανοπόλεως,14315,13017,,235,ΣΤΡΑΤΩΝΙ,141,ΜΑΡΜΑΡΑΣ,ΧΑΛΚΙΔΙΚΗΣ
496,,30/10/13,1,38,231,10,19,29,67,106,115,384,64120500,Δ.Δ.Ουρανοπόλεως,14315,13018,,235,ΣΤΡΑΤΩΝΙ,141,ΜΑΡΜΑΡΑΣ,ΧΑΛΚΙΔΙΚΗΣ
497,,30/08/13,1,29,220,19,38,29,38,96,115,364,64120300,Δ.Δ.Νέων Ρόδων,14309,13019,,235,ΣΤΡΑΤΩΝΙ,0,no alternative,ΧΑΛΚΙΔΙΚΗΣ
498,,30/09/13,1,58,249,19,19,38,77,96,144,451,64120300,Δ.Δ.Νέων Ρόδων,14309,13020,,235,ΣΤΡΑΤΩΝΙ,0,no alternative,ΧΑΛΚΙΔΙΚΗΣ
499,,30/10/13,1,77,326,19,29,19,115,144,144,547,64120300,Δ.Δ.Νέων Ρόδων,14309,13021,,235,ΣΤΡΑΤΩΝΙ,0,no alternative,ΧΑΛΚΙΔΙΚΗΣ
500,,30/08/13,1,19,67,,,29,19,19,19,105,64110100,Δ.Δ.Νικήτης (Νικήτα),14265,13022,,141,ΜΑΡΜΑΡΑΣ,235,ΣΤΡΑΤΩΝΙ,ΧΑΛΚΙΔΙΚΗΣ
501,,30/09/13,1,10,106,10,19,19,29,29,48,164,64110100,Δ.Δ.Νικήτης (Νικήτα),14265,13023,,141,ΜΑΡΜΑΡΑΣ,235,ΣΤΡΑΤΩΝΙ,ΧΑΛΚΙΔΙΚΗΣ
502,,30/10/13,1,48,173,,19,58,58,38,58,279,64110100,Δ.Δ.Νικήτης (Νικήτα),14265,13024,,141,ΜΑΡΜΑΡΑΣ,235,ΣΤΡΑΤΩΝΙ,ΧΑΛΚΙΔΙΚΗΣ
503,,30/08/13,3,10,97,10,10,29,29,19,38,145,64110100,Δ.Δ.Νικήτης (Νικήτα),14265,13025,,141,ΜΑΡΜΑΡΑΣ,235,ΣΤΡΑΤΩΝΙ,ΧΑΛΚΙΔΙΚΗΣ
504,,30/09/13,3,29,153,,19,38,58,38,48,230,64110100,Δ.Δ.Νικήτης (Νικήτα),14265,13026,,141,ΜΑΡΜΑΡΑΣ,235,ΣΤΡΑΤΩΝΙ,ΧΑΛΚΙΔΙΚΗΣ
505,,30/10/13,3,29,259,10,38,48,86,77,58,346,64110100,Δ.Δ.Νικήτης (Νικήτα),14265,13027,,141,ΜΑΡΜΑΡΑΣ,235,ΣΤΡΑΤΩΝΙ,ΧΑΛΚΙΔΙΚΗΣ
506,,30/08/13,1,10,87,,10,19,29,29,38,135,64130105,Πόρτο Κουφό,14331,13028,,141,ΜΑΡΜΑΡΑΣ,235,ΣΤΡΑΤΩΝΙ,ΧΑΛΚΙΔΙΚΗΣ
507,,30/09/13,1,38,173,19,10,58,48,38,77,288,64130105,Πόρτο Κουφό,14331,13029,,141,ΜΑΡΜΑΡΑΣ,235,ΣΤΡΑΤΩΝΙ,ΧΑΛΚΙΔΙΚΗΣ
508,,30/10/13,1,10,240,,10,38,115,77,77,327,64130105,Πόρτο Κουφό,14331,13030,,141,ΜΑΡΜΑΡΑΣ,235,ΣΤΡΑΤΩΝΙ,ΧΑΛΚΙΔΙΚΗΣ
509,,30/08/13,1,38,116,38,10,10,29,29,38,192,64130100,Δ.Δ.Συκέας,14326,13031,,141,ΜΑΡΜΑΡΑΣ,235,ΣΤΡΑΤΩΝΙ,ΧΑΛΚΙΔΙΚΗΣ
510,,30/09/13,1,29,231,29,10,48,67,77,29,289,64130100,Δ.Δ.Συκέας,14326,13032,,141,ΜΑΡΜΑΡΑΣ,235,ΣΤΡΑΤΩΝΙ,ΧΑΛΚΙΔΙΚΗΣ
511,,30/10/13,1,19,289,10,19,58,106,96,19,327,64130100,Δ.Δ.Συκέας,14326,13033,,141,ΜΑΡΜΑΡΑΣ,235,ΣΤΡΑΤΩΝΙ,ΧΑΛΚΙΔΙΚΗΣ
512,,30/08/13,1,19,105,19,,29,19,38,19,143,64130200,Δ.Δ.Σάρτης,14336,13034,,141,ΜΑΡΜΑΡΑΣ,235,ΣΤΡΑΤΩΝΙ,ΧΑΛΚΙΔΙΚΗΣ
513,,30/09/13,1,19,173,29,,38,58,48,19,211,64130200,Δ.Δ.Σάρτης,14336,13035,,141,ΜΑΡΜΑΡΑΣ,235,ΣΤΡΑΤΩΝΙ,ΧΑΛΚΙΔΙΚΗΣ
514,,30/10/13,1,29,259,,19,48,115,77,29,317,64130200,Δ.Δ.Σάρτης,14336,13036,,141,ΜΑΡΜΑΡΑΣ,235,ΣΤΡΑΤΩΝΙ,ΧΑΛΚΙΔΙΚΗΣ
515,,30/08/13,1,38,87,29,19,10,10,19,38,163,64100300,Δ.Δ.Πυργαδικίων,14260,13037,,141,ΜΑΡΜΑΡΑΣ,235,ΣΤΡΑΤΩΝΙ,ΧΑΛΚΙΔΙΚΗΣ
516,,30/09/13,1,29,134,19,10,19,67,19,29,192,64100300,Δ.Δ.Πυργαδικίων,14260,13038,,141,ΜΑΡΜΑΡΑΣ,235,ΣΤΡΑΤΩΝΙ,ΧΑΛΚΙΔΙΚΗΣ
517,,30/10/13,1,19,183,10,10,29,48,86,19,221,64100300,Δ.Δ.Πυργαδικίων,14260,13039,,141,ΜΑΡΜΑΡΑΣ,235,ΣΤΡΑΤΩΝΙ,ΧΑΛΚΙΔΙΚΗΣ
